{
  "createdAt": "2026-05-07T12:28:45Z",
  "modelVersion": "afl-disp-20260507-122844",
  "method": "isotonic",
  "sampleCount": 750,
  "xThresholds": [
    0.00015018737275585003,
    0.08563986755941988,
    0.10910539892074356,
    0.21927133381209474,
    0.21936188745809915,
    0.253138060973747,
    0.254214068774252,
    0.3087555576845089,
    0.30916568550407475,
    0.32217519284259044,
    0.32231035059476365,
    0.3353721773927827,
    0.33581367440675236,
    0.3392083504022294,
    0.33977820126590863,
    0.3457801061394945,
    0.3475325863336596,
    0.47852514585439565,
    0.47972746699781643,
    0.6287433130112918,
    0.6287829754701827,
    0.6823313265015838,
    0.6857626177423067,
    0.8252083159010863,
    0.8520032196989271
  ],
  "yThresholds": [
    0.2857142857142857,
    0.2857142857142857,
    0.288135593220339,
    0.288135593220339,
    0.3125,
    0.3125,
    0.34210526315789475,
    0.34210526315789475,
    0.3793103448275862,
    0.3793103448275862,
    0.4074074074074074,
    0.4074074074074074,
    0.4166666666666667,
    0.4166666666666667,
    0.42857142857142855,
    0.42857142857142855,
    0.47311827956989255,
    0.47311827956989255,
    0.47402597402597413,
    0.47402597402597413,
    0.5384615384615384,
    0.5384615384615384,
    0.5555555555555556,
    0.5555555555555556,
    1.0
  ],
  "metricsBefore": {
    "brier": 0.251512,
    "logLoss": 0.708551
  },
  "metricsAfter": {
    "brier": 0.23932,
    "logLoss": 0.671056
  }
}