{
  "createdAt": "2026-05-16T11:48:28Z",
  "modelVersion": "afl-disp-20260516-114826",
  "method": "isotonic",
  "sampleCount": 947,
  "xThresholds": [
    0.00015106913884455064,
    0.0891795552309218,
    0.09683722491064528,
    0.20126020168003933,
    0.20322202433229175,
    0.31473783124394306,
    0.3149347527477251,
    0.3225520712975727,
    0.3234219771127709,
    0.32487835633106377,
    0.32537190766446844,
    0.3312466326994782,
    0.33147854944529964,
    0.3600186072562417,
    0.3605446189218766,
    0.4187458988849009,
    0.41878208062500555,
    0.5349851726281204,
    0.5356423150954193,
    0.8463460135007341,
    0.865838025946548,
    0.8935018086259817
  ],
  "yThresholds": [
    0.2222222222222222,
    0.2222222222222222,
    0.2786885245901639,
    0.2786885245901639,
    0.36129032258064514,
    0.36129032258064514,
    0.38461538461538464,
    0.38461538461538464,
    0.4,
    0.4,
    0.4444444444444444,
    0.4444444444444444,
    0.47692307692307695,
    0.47692307692307695,
    0.47928994082840237,
    0.47928994082840237,
    0.4898785425101215,
    0.4898785425101215,
    0.4926108374384237,
    0.4926108374384237,
    1.0,
    1.0
  ],
  "metricsBefore": {
    "brier": 0.258667,
    "logLoss": 0.722409
  },
  "metricsAfter": {
    "brier": 0.241989,
    "logLoss": 0.676319
  }
}