{
  "createdAt": "2026-05-03T11:40:42Z",
  "modelVersion": "afl-disp-20260503-114041",
  "method": "isotonic",
  "sampleCount": 706,
  "xThresholds": [
    0.00029774632789891786,
    0.0620138900452013,
    0.07385572440938015,
    0.20308659879886892,
    0.20434015302219466,
    0.27816181820083163,
    0.27852678646676177,
    0.2934358122669396,
    0.29402825276869127,
    0.41274428235005445,
    0.41282061563638406,
    0.580379472199489,
    0.5814260687590204,
    0.7669318163849493,
    0.7738945212038334,
    0.7787135422194649
  ],
  "yThresholds": [
    0.2,
    0.2,
    0.3157894736842105,
    0.3157894736842105,
    0.3723404255319149,
    0.3723404255319149,
    0.4230769230769231,
    0.4230769230769231,
    0.43673469387755104,
    0.43673469387755104,
    0.4618834080717489,
    0.4618834080717489,
    0.5,
    0.5,
    1.0,
    1.0
  ],
  "metricsBefore": {
    "brier": 0.257112,
    "logLoss": 0.720773
  },
  "metricsAfter": {
    "brier": 0.241679,
    "logLoss": 0.675678
  }
}