{
  "createdAt": "2026-04-27T12:20:52Z",
  "modelVersion": "afl-disp-20260427-122051",
  "method": "isotonic",
  "sampleCount": 556,
  "xThresholds": [
    0.023102255640683134,
    0.025091440587341474,
    0.05672222526318005,
    0.13587478302539246,
    0.13694793799735927,
    0.24716335144113244,
    0.24876797894631797,
    0.3227005343431578,
    0.3228724687934096,
    0.3711625169193301,
    0.3722906738285673,
    0.5736602348188252,
    0.5740498920990169,
    0.7297665395911306,
    0.7999108847257161,
    0.8038297196074895
  ],
  "yThresholds": [
    0.0,
    0.0,
    0.2,
    0.2,
    0.3225806451612903,
    0.3225806451612903,
    0.3548387096774194,
    0.3548387096774194,
    0.4823529411764706,
    0.4823529411764706,
    0.4859437751004016,
    0.4859437751004016,
    0.5660377358490566,
    0.5660377358490566,
    1.0,
    1.0
  ],
  "metricsBefore": {
    "brier": 0.253834,
    "logLoss": 0.704742
  },
  "metricsAfter": {
    "brier": 0.238996,
    "logLoss": 0.669261
  }
}