{
  "createdAt": "2026-06-24T13:19:41Z",
  "modelVersion": "afl-disp-20260624-131940",
  "method": "isotonic",
  "sampleCount": 1095,
  "xThresholds": [
    0.00020250035757574114,
    0.000434938065374757,
    0.00047365332979110164,
    0.046348279076661725,
    0.057702770028749795,
    0.08178158323956009,
    0.08194889270413963,
    0.12159731261172835,
    0.12293383934591673,
    0.18550281592941487,
    0.1855930041385092,
    0.19876855778636715,
    0.19952452034989587,
    0.5914148120454287,
    0.5915823886319465,
    0.7633086905045217,
    0.7635390245904063,
    0.8074844051160648
  ],
  "yThresholds": [
    0.0,
    0.0,
    0.2727272727272727,
    0.2727272727272727,
    0.3333333333333333,
    0.3333333333333333,
    0.35294117647058826,
    0.35294117647058826,
    0.43137254901960786,
    0.43137254901960786,
    0.4444444444444444,
    0.4444444444444444,
    0.46810933940774485,
    0.46810933940774485,
    0.6134453781512605,
    0.6134453781512605,
    1.0,
    1.0
  ],
  "metricsBefore": {
    "brier": 0.269798,
    "logLoss": 0.75289
  },
  "metricsAfter": {
    "brier": 0.245621,
    "logLoss": 0.683602
  }
}