{
  "version": "afl-disp-20260508-180722",
  "createdAt": "2026-05-08T18:08:14Z",
  "modelType": "rf",
  "metrics": {
    "baseline": {
      "mae": 4.193519424999734,
      "rmse": 5.329920475396535
    },
    "ridge": {
      "mae": 3.842242122300868,
      "rmse": 4.933691708014403,
      "cv_mae": 3.917364029357563,
      "cv_rmse": 5.023282336851686,
      "bestParams": {
        "alpha": 16.0
      }
    },
    "hgb": {
      "mae": 3.8426954298753477,
      "rmse": 4.943926119240969,
      "cv_mae": 3.932377938438594,
      "cv_rmse": 5.025076239939329,
      "bestParams": {
        "max_depth": 4,
        "learning_rate": 0.03,
        "max_iter": 220,
        "min_samples_leaf": 30
      }
    },
    "rf": {
      "mae": 3.8134872572468423,
      "rmse": 4.89602522506966,
      "cv_mae": 3.947279193509876,
      "cv_rmse": 5.056790294652936,
      "bestParams": {
        "n_estimators": 500,
        "max_depth": 8,
        "min_samples_leaf": 1
      }
    }
  }
}