{
  "createdAt": "2026-04-16T18:06:09Z",
  "modelVersion": "afl-disp-20260416-180559",
  "method": "isotonic",
  "sampleCount": 231,
  "xThresholds": [
    0.03819535470177615,
    0.14497751998937058,
    0.1473000835117677,
    0.15710451120670066,
    0.160293946452426,
    0.2466744425138243,
    0.25311109361386386,
    0.29629641894869907,
    0.2966331284463932,
    0.32657099291771796,
    0.3301292933992237,
    0.46776935378165097,
    0.46910037382679737,
    0.48732483943179505,
    0.48837435863449374,
    0.6909782778058128,
    0.6930877697902934,
    0.7563399442729246,
    0.7929397713487879
  ],
  "yThresholds": [
    0.0,
    0.0,
    0.25,
    0.25,
    0.3076923076923077,
    0.3076923076923077,
    0.3125,
    0.3125,
    0.3333333333333333,
    0.3333333333333333,
    0.39603960396039606,
    0.39603960396039606,
    0.42857142857142855,
    0.42857142857142855,
    0.4411764705882353,
    0.4411764705882353,
    0.5,
    0.5,
    1.0
  ],
  "metricsBefore": {
    "brier": 0.248837,
    "logLoss": 0.691323
  },
  "metricsAfter": {
    "brier": 0.231288,
    "logLoss": 0.651066
  }
}