{
  "createdAt": "2026-06-27T12:08:03Z",
  "modelVersion": "afl-disp-20260627-120803",
  "method": "isotonic",
  "sampleCount": 1000,
  "xThresholds": [
    3.0102827008215982e-05,
    0.000142157612545879,
    0.0076061828755513705,
    0.021173790812143767,
    0.0843441356989505,
    0.08451421692703176,
    0.2157178018329865,
    0.21691563775462663,
    0.550419701381051,
    0.5504307353085146,
    0.6084726591795152,
    0.6100825294651384,
    0.6383533760208651,
    0.6417029246352898,
    0.7737157731392237,
    0.7799490399589797
  ],
  "yThresholds": [
    0.0,
    0.3333333333333333,
    0.3333333333333333,
    0.37037037037037035,
    0.37037037037037035,
    0.41025641025641024,
    0.41025641025641024,
    0.47246376811594204,
    0.47246376811594204,
    0.4888888888888889,
    0.4888888888888889,
    0.5348837209302325,
    0.5348837209302325,
    0.546875,
    0.546875,
    1.0
  ],
  "metricsBefore": {
    "brier": 0.274299,
    "logLoss": 0.77157
  },
  "metricsAfter": {
    "brier": 0.247524,
    "logLoss": 0.687784
  }
}