{
  "version": "afl-disp-20260515-181530",
  "createdAt": "2026-05-15T18:16:43Z",
  "modelType": "rf",
  "metrics": {
    "baseline": {
      "mae": 4.195543859394155,
      "rmse": 5.331434922269064
    },
    "ridge": {
      "mae": 3.844661575009877,
      "rmse": 4.93451040057882,
      "cv_mae": 3.9176321524961053,
      "cv_rmse": 5.023920067655586,
      "bestParams": {
        "alpha": 16.0
      }
    },
    "hgb": {
      "mae": 3.831665939921702,
      "rmse": 4.926008940944803,
      "cv_mae": 3.9316151364617236,
      "cv_rmse": 5.024221935815962,
      "bestParams": {
        "max_depth": 4,
        "learning_rate": 0.03,
        "max_iter": 220,
        "min_samples_leaf": 30
      }
    },
    "rf": {
      "mae": 3.816685580616089,
      "rmse": 4.905370028993681,
      "cv_mae": 3.946978452230897,
      "cv_rmse": 5.057445792237519,
      "bestParams": {
        "n_estimators": 500,
        "max_depth": 8,
        "min_samples_leaf": 6
      }
    }
  }
}