{
  "createdAt": "2026-05-04T18:16:34Z",
  "modelVersion": "afl-disp-20260504-181604",
  "method": "isotonic",
  "sampleCount": 750,
  "xThresholds": [
    0.00014964524272231827,
    0.041645683071949824,
    0.05513115110915301,
    0.26845651695230877,
    0.2704014607818037,
    0.27931624725951987,
    0.27935362557550103,
    0.3047290545733027,
    0.3051111092234644,
    0.3448262907666807,
    0.34499655664321704,
    0.5220726158996782,
    0.5234596602648497,
    0.6455261352488579,
    0.648237870885082,
    0.6509822963959201,
    0.6537780991407043,
    0.6720948333116914,
    0.6724559215136056,
    0.832788636477384
  ],
  "yThresholds": [
    0.25,
    0.25,
    0.2782608695652174,
    0.2782608695652174,
    0.2857142857142857,
    0.2857142857142857,
    0.3333333333333333,
    0.3333333333333333,
    0.4418604651162791,
    0.4418604651162791,
    0.4704225352112676,
    0.4704225352112676,
    0.4845360824742268,
    0.4845360824742268,
    0.5,
    0.5,
    0.5454545454545454,
    0.5454545454545454,
    0.5789473684210527,
    0.5789473684210527
  ],
  "metricsBefore": {
    "brier": 0.250769,
    "logLoss": 0.706907
  },
  "metricsAfter": {
    "brier": 0.238678,
    "logLoss": 0.669825
  }
}