{
  "version": "afl-disp-20260629-184515",
  "createdAt": "2026-06-29T18:45:16Z",
  "modelType": "rf",
  "metrics": {
    "baseline": {
      "mae": 4.207761693080239,
      "rmse": 5.344058216379812
    },
    "ridge": {
      "mae": 3.88004923604078,
      "rmse": 4.973413740278361,
      "cv_mae": 3.935818330278894,
      "cv_rmse": 5.047806059143726,
      "bestParams": {
        "alpha": 16.0
      }
    },
    "hgb": {
      "mae": 3.868154821754339,
      "rmse": 4.962441250129258,
      "cv_mae": 3.9557864942785828,
      "cv_rmse": 5.073649371630699,
      "bestParams": {
        "max_depth": 4,
        "learning_rate": 0.03,
        "max_iter": 320,
        "min_samples_leaf": 30
      }
    },
    "rf": {
      "mae": 3.843868397348567,
      "rmse": 4.928682892261277,
      "cv_mae": 3.9707582878641103,
      "cv_rmse": 5.081496120352098,
      "bestParams": {
        "n_estimators": 500,
        "max_depth": 8,
        "min_samples_leaf": 3
      }
    }
  }
}