{
  "version": "afl-disp-20260625-131508",
  "createdAt": "2026-06-25T13:15:10Z",
  "modelType": "hgb",
  "metrics": {
    "baseline": {
      "mae": 4.203613160842,
      "rmse": 5.337616648251349
    },
    "ridge": {
      "mae": 3.8527729645259314,
      "rmse": 4.936605149158768,
      "cv_mae": 3.927967653130518,
      "cv_rmse": 5.0219372641067395,
      "bestParams": {
        "alpha": 4.0
      }
    },
    "hgb": {
      "mae": 3.8499006869891197,
      "rmse": 4.940019455357219,
      "cv_mae": 3.947176179993223,
      "cv_rmse": 5.024891468864731,
      "bestParams": {
        "max_depth": 4,
        "learning_rate": 0.05,
        "max_iter": 220,
        "min_samples_leaf": 20
      }
    }
  }
}