{
  "version": "afl-disp-20260519-135531",
  "createdAt": "2026-05-19T13:55:32Z",
  "modelType": "hgb",
  "metrics": {
    "baseline": {
      "mae": 4.1975550530663694,
      "rmse": 5.331496922624881
    },
    "ridge": {
      "mae": 3.8452681861385045,
      "rmse": 4.935237093092337,
      "cv_mae": 3.929347259861498,
      "cv_rmse": 5.026502353192956,
      "bestParams": {
        "alpha": 4.0
      }
    },
    "hgb": {
      "mae": 3.841176216402035,
      "rmse": 4.939630777565348,
      "cv_mae": 3.9463741151896627,
      "cv_rmse": 5.032017816297175,
      "bestParams": {
        "max_depth": 4,
        "learning_rate": 0.05,
        "max_iter": 220,
        "min_samples_leaf": 20
      }
    }
  }
}