{
  "createdAt": "2026-06-18T18:58:49Z",
  "modelVersion": "afl-disp-20260618-185721",
  "method": "isotonic",
  "sampleCount": 1110,
  "xThresholds": [
    0.00030239686109978514,
    0.00030728558276182927,
    0.046807541326414626,
    0.047517990148114864,
    0.08904770613590762,
    0.09160355024853895,
    0.1499190887335724,
    0.15424102805676643,
    0.27414359059413806,
    0.27458203390011937,
    0.5160773230423963,
    0.5161310832878918,
    0.5414788800209686,
    0.5418454939150852,
    0.6635518245438085,
    0.6667410489256516,
    0.7133908766367899,
    0.7163137598506177,
    0.832497885540289,
    0.9093062921601498
  ],
  "yThresholds": [
    0.0,
    0.14285714285714285,
    0.14285714285714285,
    0.25,
    0.25,
    0.3076923076923077,
    0.3076923076923077,
    0.3813559322033898,
    0.3813559322033898,
    0.44495412844036697,
    0.44495412844036697,
    0.5172413793103449,
    0.5172413793103449,
    0.525,
    0.525,
    0.5333333333333333,
    0.5333333333333333,
    0.5416666666666666,
    0.5416666666666666,
    1.0
  ],
  "metricsBefore": {
    "brier": 0.258833,
    "logLoss": 0.720564
  },
  "metricsAfter": {
    "brier": 0.244609,
    "logLoss": 0.681762
  }
}