{
  "createdAt": "2026-06-25T13:15:10Z",
  "modelVersion": "afl-disp-20260625-131508",
  "method": "isotonic",
  "sampleCount": 1068,
  "xThresholds": [
    0.00012202347520373635,
    0.0003018361062441244,
    0.05357651970778965,
    0.05374534305441936,
    0.1680196369534792,
    0.1707538037379026,
    0.5061248197802947,
    0.5061439135026096,
    0.6133137813034659,
    0.6148818761655155,
    0.6886318635052762,
    0.6889090437796448,
    0.8190841996580231,
    0.8425414436321612,
    0.8832007177608542
  ],
  "yThresholds": [
    0.0,
    0.2222222222222222,
    0.2222222222222222,
    0.3488372093023256,
    0.3488372093023256,
    0.47422680412371143,
    0.47422680412371143,
    0.49333333333333346,
    0.49333333333333346,
    0.5285714285714286,
    0.5285714285714286,
    0.6153846153846154,
    0.6153846153846154,
    1.0,
    1.0
  ],
  "metricsBefore": {
    "brier": 0.269406,
    "logLoss": 0.751121
  },
  "metricsAfter": {
    "brier": 0.246756,
    "logLoss": 0.686002
  }
}