{
  "version": "afl-disp-20260403-131359",
  "createdAt": "2026-04-03T13:13:59Z",
  "modelType": "ridge",
  "metrics": {
    "baseline": {
      "mae": 4.201219137742856,
      "rmse": 5.336444111533824
    },
    "ridge": {
      "mae": 3.893970847365238,
      "rmse": 5.012010569918912
    },
    "hgb": {
      "mae": 3.8975648397760727,
      "rmse": 5.007527555996805
    }
  }
}