{
  "createdAt": "2026-06-13T18:07:57Z",
  "modelVersion": "afl-disp-20260613-180700",
  "method": "isotonic",
  "sampleCount": 1182,
  "xThresholds": [
    0.0002012390786731988,
    0.0416495686124837,
    0.04692539064006995,
    0.135264314255083,
    0.13623311697900564,
    0.1546158103528107,
    0.15667100606631346,
    0.3067520964633238,
    0.3068070877597264,
    0.546950660060184,
    0.5475002798390847,
    0.5838864476909684,
    0.5851375396858517,
    0.616979598422814,
    0.6177248505913782,
    0.6250902570889109,
    0.6258002820007947,
    0.7129746800957977,
    0.7157896499771936,
    0.8371722833387756,
    0.9064512556186886
  ],
  "yThresholds": [
    0.2,
    0.2,
    0.2857142857142857,
    0.2857142857142857,
    0.3333333333333333,
    0.3333333333333333,
    0.4158415841584158,
    0.4158415841584158,
    0.45092460881934565,
    0.45092460881934565,
    0.4714285714285714,
    0.4714285714285714,
    0.509090909090909,
    0.509090909090909,
    0.5333333333333333,
    0.5333333333333333,
    0.547945205479452,
    0.547945205479452,
    0.5769230769230769,
    0.5769230769230769,
    1.0
  ],
  "metricsBefore": {
    "brier": 0.261606,
    "logLoss": 0.732016
  },
  "metricsAfter": {
    "brier": 0.245089,
    "logLoss": 0.682977
  }
}