{
  "version": "afl-disp-20260514-183147",
  "createdAt": "2026-05-14T18:33:00Z",
  "modelType": "rf",
  "metrics": {
    "baseline": {
      "mae": 4.19336182638991,
      "rmse": 5.329656277383942
    },
    "ridge": {
      "mae": 3.8443027396925658,
      "rmse": 4.934396048320736,
      "cv_mae": 3.9170606329715802,
      "cv_rmse": 5.023911956768974,
      "bestParams": {
        "alpha": 16.0
      }
    },
    "hgb": {
      "mae": 3.8315857279824734,
      "rmse": 4.923665982761103,
      "cv_mae": 3.9312872532435525,
      "cv_rmse": 5.025533639745989,
      "bestParams": {
        "max_depth": 4,
        "learning_rate": 0.03,
        "max_iter": 220,
        "min_samples_leaf": 30
      }
    },
    "rf": {
      "mae": 3.81883719761201,
      "rmse": 4.9100723741965595,
      "cv_mae": 3.9488139546514014,
      "cv_rmse": 5.057486696519792,
      "bestParams": {
        "n_estimators": 500,
        "max_depth": 8,
        "min_samples_leaf": 6
      }
    }
  }
}