{
  "version": "afl-disp-20260511-183217",
  "createdAt": "2026-05-11T18:33:30Z",
  "modelType": "rf",
  "metrics": {
    "baseline": {
      "mae": 4.193361826389911,
      "rmse": 5.329656277383942
    },
    "ridge": {
      "mae": 3.842532143609531,
      "rmse": 4.933799487244776,
      "cv_mae": 3.9170606329715776,
      "cv_rmse": 5.023911956768975,
      "bestParams": {
        "alpha": 16.0
      }
    },
    "hgb": {
      "mae": 3.843367257059236,
      "rmse": 4.93604561021904,
      "cv_mae": 3.931287253243552,
      "cv_rmse": 5.025533639745989,
      "bestParams": {
        "max_depth": 4,
        "learning_rate": 0.03,
        "max_iter": 220,
        "min_samples_leaf": 30
      }
    },
    "rf": {
      "mae": 3.8214270149233163,
      "rmse": 4.906269859811939,
      "cv_mae": 3.9447696229306173,
      "cv_rmse": 5.057588582729415,
      "bestParams": {
        "n_estimators": 500,
        "max_depth": 8,
        "min_samples_leaf": 1
      }
    }
  }
}