{
  "createdAt": "2026-04-25T11:37:14Z",
  "modelVersion": "afl-disp-20260425-113713",
  "method": "isotonic",
  "sampleCount": 428,
  "xThresholds": [
    0.022469778883418057,
    0.07883805500250507,
    0.08920234938314131,
    0.2952436485539207,
    0.2975063035545097,
    0.332230277168592,
    0.3331077729464508,
    0.5232897554305622,
    0.5255774640640403,
    0.8256366366336119,
    0.9148978199808186
  ],
  "yThresholds": [
    0.0,
    0.0,
    0.2631578947368421,
    0.2631578947368421,
    0.36,
    0.36,
    0.45982142857142855,
    0.45982142857142855,
    0.5353535353535354,
    0.5353535353535354,
    1.0
  ],
  "metricsBefore": {
    "brier": 0.249059,
    "logLoss": 0.694371
  },
  "metricsAfter": {
    "brier": 0.235424,
    "logLoss": 0.661336
  }
}