{
  "version": "afl-disp-20260405-112800",
  "createdAt": "2026-04-05T11:28:00Z",
  "modelType": "hgb",
  "metrics": {
    "baseline": {
      "mae": 4.187537527117156,
      "rmse": 5.325175677624704
    },
    "ridge": {
      "mae": 3.86160169978087,
      "rmse": 4.962277447409648,
      "cv_mae": 3.9392628361140853,
      "cv_rmse": 5.034369928614919,
      "bestParams": {
        "alpha": 4.0
      }
    },
    "hgb": {
      "mae": 3.8031024335659738,
      "rmse": 4.906437060569041,
      "cv_mae": 3.960800650093033,
      "cv_rmse": 5.050524969649929,
      "bestParams": {
        "max_depth": 4,
        "learning_rate": 0.05,
        "max_iter": 220,
        "min_samples_leaf": 20
      }
    }
  }
}