{
  "version": "afl-disp-20260510-174616",
  "createdAt": "2026-05-10T17:46:52Z",
  "modelType": "rf",
  "metrics": {
    "baseline": {
      "mae": 4.19336182638991,
      "rmse": 5.329656277383942
    },
    "ridge": {
      "mae": 3.842532143609529,
      "rmse": 4.933799487244776,
      "cv_mae": 3.9170367072876866,
      "cv_rmse": 5.0238438343682175,
      "bestParams": {
        "alpha": 16.0
      }
    },
    "hgb": {
      "mae": 3.8361738822694424,
      "rmse": 4.921313071574005,
      "cv_mae": 3.931605891895728,
      "cv_rmse": 5.025045758171809,
      "bestParams": {
        "max_depth": 4,
        "learning_rate": 0.03,
        "max_iter": 220,
        "min_samples_leaf": 30
      }
    },
    "rf": {
      "mae": 3.815564741748883,
      "rmse": 4.89965802286702,
      "cv_mae": 3.9467069503256056,
      "cv_rmse": 5.0578763985595545,
      "bestParams": {
        "n_estimators": 300,
        "max_depth": 8,
        "min_samples_leaf": 1
      }
    }
  }
}