{
  "createdAt": "2026-05-30T12:04:03Z",
  "modelVersion": "afl-disp-20260530-120401",
  "method": "isotonic",
  "sampleCount": 1187,
  "xThresholds": [
    7.95087492042601e-05,
    0.01910255489639545,
    0.04384894192959565,
    0.14028190116214756,
    0.140333118390215,
    0.25967858661372056,
    0.2606230577629214,
    0.3119159292491225,
    0.31202217319609793,
    0.33009280492201687,
    0.330516791762967,
    0.6058372108787612,
    0.6059255929801326,
    0.8342910439592559,
    0.8432605478862008,
    0.8765651447523914
  ],
  "yThresholds": [
    0.2,
    0.2,
    0.2222222222222222,
    0.2222222222222222,
    0.3089430894308943,
    0.3089430894308943,
    0.40350877192982454,
    0.40350877192982454,
    0.41304347826086957,
    0.41304347826086957,
    0.4728476821192053,
    0.4728476821192053,
    0.5528455284552846,
    0.5528455284552846,
    0.6666666666666666,
    0.6666666666666666
  ],
  "metricsBefore": {
    "brier": 0.256509,
    "logLoss": 0.716948
  },
  "metricsAfter": {
    "brier": 0.242653,
    "logLoss": 0.678046
  }
}