{
  "version": "afl-disp-20260524-174750",
  "createdAt": "2026-05-24T17:49:07Z",
  "modelType": "rf",
  "metrics": {
    "baseline": {
      "mae": 4.198941991506872,
      "rmse": 5.331236452558489
    },
    "ridge": {
      "mae": 3.847482935728351,
      "rmse": 4.931749229206727,
      "cv_mae": 3.919281388106017,
      "cv_rmse": 5.02776420833926,
      "bestParams": {
        "alpha": 16.0
      }
    },
    "hgb": {
      "mae": 3.8525981065690025,
      "rmse": 4.9428609989991825,
      "cv_mae": 3.9346754274591604,
      "cv_rmse": 5.034919377597134,
      "bestParams": {
        "max_depth": 4,
        "learning_rate": 0.03,
        "max_iter": 220,
        "min_samples_leaf": 30
      }
    },
    "rf": {
      "mae": 3.742527638664125,
      "rmse": 4.822663069779339,
      "cv_mae": 3.9448858020189044,
      "cv_rmse": 5.055521746800929,
      "bestParams": {
        "n_estimators": 500,
        "max_depth": 12,
        "min_samples_leaf": 1
      }
    }
  }
}