{
  "createdAt": "2026-06-18T14:09:19Z",
  "modelVersion": "afl-disp-20260618-140918",
  "method": "isotonic",
  "sampleCount": 1131,
  "xThresholds": [
    1.7184419661253614e-05,
    0.007589659229151335,
    0.021093238886429333,
    0.08241081913465553,
    0.08518063113164953,
    0.2312892293247315,
    0.23129333911766314,
    0.24027722354859082,
    0.24149045131163915,
    0.5522199308514113,
    0.5524170873613629,
    0.5799130258771121,
    0.5810710575334662,
    0.6397033048235643,
    0.6405963832641486,
    0.774380118227412,
    0.7796538332648828,
    0.8246812328899222
  ],
  "yThresholds": [
    0.2857142857142857,
    0.2857142857142857,
    0.3333333333333333,
    0.3333333333333333,
    0.37142857142857144,
    0.37142857142857144,
    0.4117647058823529,
    0.4117647058823529,
    0.45371577574967403,
    0.45371577574967403,
    0.4727272727272727,
    0.4727272727272727,
    0.5,
    0.5,
    0.5342465753424658,
    0.5342465753424658,
    1.0,
    1.0
  ],
  "metricsBefore": {
    "brier": 0.26705,
    "logLoss": 0.753322
  },
  "metricsAfter": {
    "brier": 0.245542,
    "logLoss": 0.68381
  }
}