{
  "createdAt": "2026-06-01T16:37:00Z",
  "modelVersion": "afl-disp-20260601-163659",
  "method": "isotonic",
  "sampleCount": 1234,
  "xThresholds": [
    9.419349194095261e-05,
    0.027418654012290045,
    0.041952908763785546,
    0.18720585949496527,
    0.18828306835653275,
    0.22702290556194693,
    0.22752913156126897,
    0.2597457638655831,
    0.259923159902257,
    0.31507096888550246,
    0.31508658748272567,
    0.4261468539657376,
    0.4262668355775321,
    0.43090182507938557,
    0.4312410856513318,
    0.45704496512040005,
    0.4571719842782922,
    0.5586591380450965,
    0.5588508205313591,
    0.649391505623212,
    0.649529646416247,
    0.6556843437484529,
    0.6557775954579221,
    0.8044936040951078,
    0.8174151466772509,
    0.8718779087239131
  ],
  "yThresholds": [
    0.2,
    0.2,
    0.31343283582089554,
    0.31343283582089554,
    0.3333333333333333,
    0.3333333333333333,
    0.37254901960784315,
    0.37254901960784315,
    0.4485294117647059,
    0.4485294117647059,
    0.4489795918367347,
    0.4489795918367347,
    0.46153846153846156,
    0.46153846153846156,
    0.46835443037974683,
    0.46835443037974683,
    0.487603305785124,
    0.487603305785124,
    0.4881889763779527,
    0.4881889763779527,
    0.5,
    0.5,
    0.5636363636363636,
    0.5636363636363636,
    1.0,
    1.0
  ],
  "metricsBefore": {
    "brier": 0.257966,
    "logLoss": 0.720377
  },
  "metricsAfter": {
    "brier": 0.243827,
    "logLoss": 0.68012
  }
}