{
  "createdAt": "2026-06-23T13:43:57Z",
  "modelVersion": "afl-disp-20260623-134355",
  "method": "isotonic",
  "sampleCount": 1095,
  "xThresholds": [
    0.00013522852868363966,
    0.00040293067398589066,
    0.05116962517139689,
    0.05194314961716673,
    0.06266693996119521,
    0.07330727460499009,
    0.15019722099806954,
    0.1502292513151975,
    0.20788583366457236,
    0.20798579342958512,
    0.5152126671934807,
    0.5154164034609734,
    0.6170491663847668,
    0.6178246461360657,
    0.6220715480207921,
    0.6229490011023842,
    0.7481216159592046,
    0.7495869078869388,
    0.8600450253202092
  ],
  "yThresholds": [
    0.0,
    0.23076923076923078,
    0.23076923076923078,
    0.4,
    0.4,
    0.43902439024390244,
    0.43902439024390244,
    0.4583333333333333,
    0.4583333333333333,
    0.4612188365650969,
    0.4612188365650969,
    0.5217391304347826,
    0.5217391304347826,
    0.5714285714285714,
    0.5714285714285714,
    0.5846153846153846,
    0.5846153846153846,
    0.7777777777777778,
    0.7777777777777778
  ],
  "metricsBefore": {
    "brier": 0.269988,
    "logLoss": 0.755235
  },
  "metricsAfter": {
    "brier": 0.246487,
    "logLoss": 0.685768
  }
}