{
  "createdAt": "2026-05-20T13:38:16Z",
  "modelVersion": "afl-disp-20260520-133815",
  "method": "isotonic",
  "sampleCount": 1049,
  "xThresholds": [
    1.8505297142090704e-05,
    0.0941030276634367,
    0.09446875562524681,
    0.23613688008281963,
    0.2377938195244721,
    0.3445258724231216,
    0.3452080395035271,
    0.3644006984397812,
    0.3648095975455026,
    0.38412931543780604,
    0.38505572228997775,
    0.6699208133926594,
    0.6704969661371382,
    0.6705876776828454,
    0.6732749776545344,
    0.7335519852901066,
    0.7365156402742268,
    0.8262999773445143,
    0.8562662291393781,
    0.892425985013003
  ],
  "yThresholds": [
    0.3333333333333333,
    0.3333333333333333,
    0.35074626865671643,
    0.35074626865671643,
    0.39565217391304347,
    0.39565217391304347,
    0.41379310344827586,
    0.41379310344827586,
    0.4375,
    0.4375,
    0.4871287128712871,
    0.4871287128712871,
    0.5,
    0.5,
    0.53125,
    0.53125,
    0.55,
    0.55,
    1.0,
    1.0
  ],
  "metricsBefore": {
    "brier": 0.260632,
    "logLoss": 0.734977
  },
  "metricsAfter": {
    "brier": 0.243067,
    "logLoss": 0.678766
  }
}