{
  "createdAt": "2026-04-15T11:55:26Z",
  "modelVersion": "afl-disp-20260415-115525",
  "method": "isotonic",
  "sampleCount": 231,
  "xThresholds": [
    0.0246556633105256,
    0.10824091913479239,
    0.11161841851957965,
    0.18419808822466566,
    0.18758794008543034,
    0.24706746691056147,
    0.24955944734158497,
    0.3837287484314629,
    0.38489409156758636,
    0.4147080671824561,
    0.4164448471248612,
    0.5912537294828837,
    0.5929926797009459,
    0.6177512638491915,
    0.624529206504352,
    0.7903729971253128,
    0.8157634156550276
  ],
  "yThresholds": [
    0.0,
    0.0,
    0.125,
    0.125,
    0.17647058823529413,
    0.17647058823529413,
    0.3492063492063492,
    0.3492063492063492,
    0.42857142857142855,
    0.42857142857142855,
    0.43902439024390244,
    0.43902439024390244,
    0.4666666666666667,
    0.4666666666666667,
    0.5238095238095238,
    0.5238095238095238,
    1.0
  ],
  "metricsBefore": {
    "brier": 0.241569,
    "logLoss": 0.675654
  },
  "metricsAfter": {
    "brier": 0.224989,
    "logLoss": 0.637049
  }
}