{
  "createdAt": "2026-05-15T12:30:22Z",
  "modelVersion": "afl-disp-20260515-123020",
  "method": "isotonic",
  "sampleCount": 919,
  "xThresholds": [
    0.00013701630873441673,
    0.14925350146101524,
    0.14949156508654715,
    0.1754975960642614,
    0.17675033257458284,
    0.2735119357214457,
    0.27423775409073126,
    0.2857047860908307,
    0.28581802109104804,
    0.38642975074043506,
    0.38643547118592425,
    0.5319249758579967,
    0.5319515960248508,
    0.6517078993734917,
    0.6534470183711818,
    0.7553973689742413,
    0.769471238701801,
    0.8218543888440284,
    0.8424565009545235,
    0.8935696595111653
  ],
  "yThresholds": [
    0.25,
    0.25,
    0.2962962962962963,
    0.2962962962962963,
    0.3409090909090909,
    0.3409090909090909,
    0.35,
    0.35,
    0.46846846846846846,
    0.46846846846846846,
    0.4792332268370607,
    0.4792332268370607,
    0.49206349206349204,
    0.49206349206349204,
    0.525,
    0.525,
    0.6,
    0.6,
    1.0,
    1.0
  ],
  "metricsBefore": {
    "brier": 0.257561,
    "logLoss": 0.721105
  },
  "metricsAfter": {
    "brier": 0.241458,
    "logLoss": 0.675224
  }
}