{
  "createdAt": "2026-06-09T13:44:19Z",
  "modelVersion": "afl-disp-20260609-134418",
  "method": "isotonic",
  "sampleCount": 1190,
  "xThresholds": [
    0.00011847579983570444,
    0.034328434600819246,
    0.035258796783604995,
    0.1478684643153897,
    0.14863888986485807,
    0.21138452918185846,
    0.21203245878248078,
    0.4788376037517813,
    0.4790602231425589,
    0.5207324999335706,
    0.5219508106419839,
    0.8828117616191014,
    0.8952963356778749
  ],
  "yThresholds": [
    0.14285714285714285,
    0.14285714285714285,
    0.2857142857142857,
    0.2857142857142857,
    0.36764705882352944,
    0.36764705882352944,
    0.44368131868131866,
    0.44368131868131866,
    0.44954128440366975,
    0.44954128440366975,
    0.524793388429752,
    0.524793388429752,
    1.0
  ],
  "metricsBefore": {
    "brier": 0.264202,
    "logLoss": 0.735767
  },
  "metricsAfter": {
    "brier": 0.244389,
    "logLoss": 0.681477
  }
}