{
  "createdAt": "2026-05-01T17:50:05Z",
  "modelVersion": "afl-disp-20260501-174937",
  "method": "isotonic",
  "sampleCount": 582,
  "xThresholds": [
    0.022850627761992204,
    0.09717898725714735,
    0.09771697720596317,
    0.2676090941861904,
    0.26763596959264446,
    0.2734011960052698,
    0.27369141731294877,
    0.31281977776929903,
    0.3130614317907322,
    0.31801906241311584,
    0.3180546491894858,
    0.479367846384089,
    0.4797705993478065,
    0.6633861922988346,
    0.6637544449618966,
    0.7308089850016075,
    0.7528008888899771,
    0.7702692642940262
  ],
  "yThresholds": [
    0.0,
    0.0,
    0.32894736842105265,
    0.32894736842105265,
    0.3333333333333333,
    0.3333333333333333,
    0.3684210526315789,
    0.3684210526315789,
    0.4,
    0.4,
    0.480968858131488,
    0.480968858131488,
    0.4927536231884058,
    0.4927536231884058,
    0.5555555555555556,
    0.5555555555555556,
    1.0,
    1.0
  ],
  "metricsBefore": {
    "brier": 0.25662,
    "logLoss": 0.710324
  },
  "metricsAfter": {
    "brier": 0.241296,
    "logLoss": 0.673219
  }
}