{
  "createdAt": "2026-04-19T17:20:45Z",
  "modelVersion": "afl-disp-20260419-172015",
  "method": "isotonic",
  "sampleCount": 396,
  "xThresholds": [
    0.030241527691801773,
    0.09379838286399589,
    0.24694540038139312,
    0.24954052199030152,
    0.30658469304681935,
    0.30675416934144173,
    0.40464361936493687,
    0.4056911623845283,
    0.46707490843271027,
    0.4671598957568529,
    0.49702041927971286,
    0.4984236852538385,
    0.7240805591606767,
    0.7459917164567672,
    0.7781888358638792
  ],
  "yThresholds": [
    0.0,
    0.2571428571428571,
    0.2571428571428571,
    0.3783783783783784,
    0.3783783783783784,
    0.4375,
    0.4375,
    0.449438202247191,
    0.449438202247191,
    0.4666666666666667,
    0.4666666666666667,
    0.5094339622641509,
    0.5094339622641509,
    1.0,
    1.0
  ],
  "metricsBefore": {
    "brier": 0.252714,
    "logLoss": 0.70209
  },
  "metricsAfter": {
    "brier": 0.239882,
    "logLoss": 0.670958
  }
}