{
  "createdAt": "2026-05-07T18:19:52Z",
  "modelVersion": "afl-disp-20260507-181851",
  "method": "isotonic",
  "sampleCount": 750,
  "xThresholds": [
    0.0002538362966165719,
    0.04562401146568029,
    0.045657066337842944,
    0.17982148283609145,
    0.18045945081283987,
    0.2622404063686339,
    0.26282078836058465,
    0.2639199387690798,
    0.2671421427742904,
    0.2985221036506268,
    0.2986388659261936,
    0.3011221682836632,
    0.30113447801662363,
    0.3086405614859039,
    0.3087561561133155,
    0.32726266694722395,
    0.3275501462155972,
    0.35821502764209334,
    0.35860974885546915,
    0.5182591300379018,
    0.519532352834235,
    0.583141518430489,
    0.5832372944789525,
    0.6545110592011958,
    0.6597398963490297,
    0.6613390013999064,
    0.6633804160123962,
    0.8356738316320542
  ],
  "yThresholds": [
    0.25,
    0.25,
    0.27906976744186046,
    0.27906976744186046,
    0.2876712328767123,
    0.2876712328767123,
    0.3333333333333333,
    0.3333333333333333,
    0.37209302325581395,
    0.37209302325581395,
    0.4,
    0.4,
    0.4117647058823529,
    0.4117647058823529,
    0.4444444444444444,
    0.4444444444444444,
    0.46153846153846156,
    0.46153846153846156,
    0.46226415094339623,
    0.46226415094339623,
    0.463768115942029,
    0.463768115942029,
    0.47619047619047616,
    0.47619047619047616,
    0.5,
    0.5,
    0.6,
    0.6
  ],
  "metricsBefore": {
    "brier": 0.253566,
    "logLoss": 0.71378
  },
  "metricsAfter": {
    "brier": 0.239755,
    "logLoss": 0.672108
  }
}