{
  "version": "afl-disp-20260605-135222",
  "createdAt": "2026-06-05T13:52:24Z",
  "modelType": "hgb",
  "metrics": {
    "baseline": {
      "mae": 4.196228717304105,
      "rmse": 5.331509150332346
    },
    "ridge": {
      "mae": 3.8702400460965456,
      "rmse": 4.967232371915902,
      "cv_mae": 3.942708506594348,
      "cv_rmse": 5.044114022055797,
      "bestParams": {
        "alpha": 4.0
      }
    },
    "hgb": {
      "mae": 3.8240873139063,
      "rmse": 4.933345409266573,
      "cv_mae": 3.9698438614751432,
      "cv_rmse": 5.067683503234222,
      "bestParams": {
        "max_depth": 4,
        "learning_rate": 0.05,
        "max_iter": 220,
        "min_samples_leaf": 20
      }
    }
  }
}