{
  "version": "afl-disp-20260411-112823",
  "createdAt": "2026-04-11T11:28:23Z",
  "modelType": "hgb",
  "metrics": {
    "baseline": {
      "mae": 4.187150834593719,
      "rmse": 5.325261398367161
    },
    "ridge": {
      "mae": 3.8444889526116026,
      "rmse": 4.9379479248536615,
      "cv_mae": 3.930783064803643,
      "cv_rmse": 5.02403114139911,
      "bestParams": {
        "alpha": 4.0
      }
    },
    "hgb": {
      "mae": 3.819535455722512,
      "rmse": 4.91549246387519,
      "cv_mae": 3.9615705018844327,
      "cv_rmse": 5.046670470616141,
      "bestParams": {
        "max_depth": 4,
        "learning_rate": 0.05,
        "max_iter": 220,
        "min_samples_leaf": 20
      }
    }
  }
}