{
  "version": "afl-disp-20260425-113713",
  "createdAt": "2026-04-25T11:37:14Z",
  "modelType": "hgb",
  "metrics": {
    "baseline": {
      "mae": 4.187001538326628,
      "rmse": 5.3238890568915025
    },
    "ridge": {
      "mae": 3.8397986099065693,
      "rmse": 4.93640103106826,
      "cv_mae": 3.9325136754575656,
      "cv_rmse": 5.027000134588316,
      "bestParams": {
        "alpha": 4.0
      }
    },
    "hgb": {
      "mae": 3.815738692852065,
      "rmse": 4.913420066377065,
      "cv_mae": 3.9538096173185835,
      "cv_rmse": 5.039058037835767,
      "bestParams": {
        "max_depth": 4,
        "learning_rate": 0.05,
        "max_iter": 220,
        "min_samples_leaf": 20
      }
    }
  }
}