{
  "createdAt": "2026-04-11T17:19:30Z",
  "modelVersion": "afl-disp-20260411-171915",
  "method": "isotonic",
  "sampleCount": 184,
  "xThresholds": [
    0.04431058222795836,
    0.12320571283025294,
    0.1905072077980685,
    0.20079391801057922,
    0.30509649544711914,
    0.3065732740804187,
    0.4596753386751752,
    0.4604140081055046,
    0.7623338392799273
  ],
  "yThresholds": [
    0.0,
    0.2222222222222222,
    0.2222222222222222,
    0.36,
    0.36,
    0.3670886075949367,
    0.3670886075949367,
    0.44285714285714284,
    0.44285714285714284
  ],
  "metricsBefore": {
    "brier": 0.257926,
    "logLoss": 0.712766
  },
  "metricsAfter": {
    "brier": 0.233377,
    "logLoss": 0.658145
  }
}