{
  "createdAt": "2026-05-31T17:55:00Z",
  "modelVersion": "afl-disp-20260531-175409",
  "method": "isotonic",
  "sampleCount": 1234,
  "xThresholds": [
    0.00016579849302633676,
    0.04666538157426969,
    0.055003565747876015,
    0.13859541944886788,
    0.13922020187505857,
    0.15782859359607992,
    0.15954184906638447,
    0.2658650645932382,
    0.2668420253063204,
    0.5393752532007123,
    0.5398597776896059,
    0.5575516648511923,
    0.5591108051654972,
    0.6394374672478809,
    0.6400889517543176,
    0.8111361223058122,
    0.8942142963959473
  ],
  "yThresholds": [
    0.16666666666666666,
    0.16666666666666666,
    0.3181818181818182,
    0.3181818181818182,
    0.3333333333333333,
    0.3333333333333333,
    0.34615384615384615,
    0.34615384615384615,
    0.45670225385527874,
    0.45670225385527874,
    0.4827586206896552,
    0.4827586206896552,
    0.504424778761062,
    0.504424778761062,
    0.5733333333333334,
    0.5733333333333334,
    1.0
  ],
  "metricsBefore": {
    "brier": 0.260315,
    "logLoss": 0.724577
  },
  "metricsAfter": {
    "brier": 0.24422,
    "logLoss": 0.681204
  }
}