{
  "version": "afl-disp-20260702-182912",
  "createdAt": "2026-07-02T18:29:13Z",
  "modelType": "rf",
  "metrics": {
    "baseline": {
      "mae": 4.2102717434637285,
      "rmse": 5.345586844940806
    },
    "ridge": {
      "mae": 3.857675985893481,
      "rmse": 4.9408702339171935,
      "cv_mae": 3.9243136928103546,
      "cv_rmse": 5.03106209180766,
      "bestParams": {
        "alpha": 16.0
      }
    },
    "hgb": {
      "mae": 3.8344187359978945,
      "rmse": 4.9197617392001005,
      "cv_mae": 3.9358872068758886,
      "cv_rmse": 5.037033563767091,
      "bestParams": {
        "max_depth": 4,
        "learning_rate": 0.03,
        "max_iter": 220,
        "min_samples_leaf": 30
      }
    },
    "rf": {
      "mae": 3.7577283162481736,
      "rmse": 4.843457432144766,
      "cv_mae": 3.9472717230359917,
      "cv_rmse": 5.055155487848983,
      "bestParams": {
        "n_estimators": 500,
        "max_depth": 12,
        "min_samples_leaf": 3
      }
    }
  }
}