{
  "createdAt": "2026-06-21T18:17:49Z",
  "modelVersion": "afl-disp-20260621-181653",
  "method": "isotonic",
  "sampleCount": 1113,
  "xThresholds": [
    0.0002994317470201846,
    0.00032758455483605786,
    0.08103832532551647,
    0.08207898870248176,
    0.17076811472089393,
    0.17143177068872684,
    0.23660887740070313,
    0.23737738718178047,
    0.24841860234639612,
    0.24982533362979487,
    0.4935533091003613,
    0.49383880999011986,
    0.5987907002415174,
    0.5989274469374569,
    0.5990715324543741,
    0.5991214826391695,
    0.6908040501847145,
    0.694790475148345,
    0.7067123727072833,
    0.7082888390128532,
    0.7837305663018251,
    0.7875295180800825,
    0.8245657397702157,
    0.8307314095662386,
    0.9093371086424709
  ],
  "yThresholds": [
    0.0,
    0.23076923076923078,
    0.23076923076923078,
    0.3939393939393939,
    0.3939393939393939,
    0.4482758620689655,
    0.4482758620689655,
    0.46153846153846156,
    0.46153846153846156,
    0.4657534246575342,
    0.4657534246575342,
    0.4715447154471545,
    0.4715447154471545,
    0.5,
    0.5,
    0.5517241379310345,
    0.5517241379310345,
    0.5555555555555556,
    0.5555555555555556,
    0.6,
    0.6,
    0.6666666666666666,
    0.6666666666666666,
    1.0,
    1.0
  ],
  "metricsBefore": {
    "brier": 0.26573,
    "logLoss": 0.740433
  },
  "metricsAfter": {
    "brier": 0.246472,
    "logLoss": 0.68546
  }
}