{
  "version": "afl-disp-20260520-133815",
  "createdAt": "2026-05-20T13:38:16Z",
  "modelType": "ridge",
  "metrics": {
    "baseline": {
      "mae": 4.1975550530663694,
      "rmse": 5.331496922624881
    },
    "ridge": {
      "mae": 3.8452681861384503,
      "rmse": 4.935237093092298,
      "cv_mae": 3.929347259861506,
      "cv_rmse": 5.026502353192958,
      "bestParams": {
        "alpha": 4.0
      }
    },
    "hgb": {
      "mae": 3.855352313309461,
      "rmse": 4.943946931994542,
      "cv_mae": 3.9463741151896627,
      "cv_rmse": 5.0320178162971745,
      "bestParams": {
        "max_depth": 4,
        "learning_rate": 0.05,
        "max_iter": 220,
        "min_samples_leaf": 20
      }
    }
  }
}