{
  "version": "afl-disp-20260622-155028",
  "createdAt": "2026-06-22T15:50:29Z",
  "modelType": "ridge",
  "metrics": {
    "baseline": {
      "mae": 4.2030166831910725,
      "rmse": 5.3369672979172105
    },
    "ridge": {
      "mae": 3.85286738365718,
      "rmse": 4.936602438465331,
      "cv_mae": 3.9297629674723407,
      "cv_rmse": 5.023311507108251,
      "bestParams": {
        "alpha": 4.0
      }
    },
    "hgb": {
      "mae": 3.855343622672156,
      "rmse": 4.9501494879723715,
      "cv_mae": 3.9490192610295964,
      "cv_rmse": 5.02668951155191,
      "bestParams": {
        "max_depth": 4,
        "learning_rate": 0.05,
        "max_iter": 220,
        "min_samples_leaf": 20
      }
    }
  }
}