{
  "createdAt": "2026-06-02T14:50:44Z",
  "modelVersion": "afl-disp-20260602-145043",
  "method": "isotonic",
  "sampleCount": 1178,
  "xThresholds": [
    1.7468945406884373e-05,
    0.011391697374973364,
    0.021026694795436285,
    0.23658267445071302,
    0.23746915297267224,
    0.580981392145637,
    0.5826099404635439,
    0.6386349493141628,
    0.6400420750762994,
    0.6430353707451022,
    0.6465552998000935,
    0.7553799669472891,
    0.7595441813886934,
    0.7765313845340778,
    0.7778995578909026,
    0.7935741837413197,
    0.8375588021540269
  ],
  "yThresholds": [
    0.2,
    0.2,
    0.37254901960784315,
    0.37254901960784315,
    0.45847554038680316,
    0.45847554038680316,
    0.484375,
    0.484375,
    0.5,
    0.5,
    0.5606060606060606,
    0.5606060606060606,
    0.6,
    0.6,
    0.6666666666666666,
    0.6666666666666666,
    1.0
  ],
  "metricsBefore": {
    "brier": 0.267571,
    "logLoss": 0.749408
  },
  "metricsAfter": {
    "brier": 0.245677,
    "logLoss": 0.684229
  }
}