{
  "createdAt": "2026-05-02T17:29:55Z",
  "modelVersion": "afl-disp-20260502-172905",
  "method": "isotonic",
  "sampleCount": 625,
  "xThresholds": [
    0.00012090658462793336,
    0.09426602016163443,
    0.09646890243162132,
    0.11198467653927824,
    0.11327503115714588,
    0.27176182607093113,
    0.2736934900147092,
    0.2776879553733015,
    0.27938476232503817,
    0.2992090278613324,
    0.3012428314135577,
    0.3321642565505668,
    0.3324580534259439,
    0.4871135833854091,
    0.4881853082581913,
    0.49266797127144046,
    0.49514652526526737,
    0.6230879096426529,
    0.6250006898228286,
    0.7324693922888466,
    0.7442595326017436,
    0.7730882530287293
  ],
  "yThresholds": [
    0.2222222222222222,
    0.2222222222222222,
    0.25,
    0.25,
    0.313953488372093,
    0.313953488372093,
    0.3333333333333333,
    0.3333333333333333,
    0.4,
    0.4,
    0.4339622641509434,
    0.4339622641509434,
    0.47719298245614034,
    0.47719298245614034,
    0.5,
    0.5,
    0.5047619047619049,
    0.5047619047619049,
    0.5151515151515151,
    0.5151515151515151,
    1.0,
    1.0
  ],
  "metricsBefore": {
    "brier": 0.255626,
    "logLoss": 0.720299
  },
  "metricsAfter": {
    "brier": 0.241076,
    "logLoss": 0.673951
  }
}