{
  "version": "afl-disp-20260705-121637",
  "createdAt": "2026-07-05T12:16:37Z",
  "modelType": "hgb",
  "metrics": {
    "baseline": {
      "mae": 4.2102717434637285,
      "rmse": 5.345586844940806
    },
    "ridge": {
      "mae": 3.859748395690644,
      "rmse": 4.943657491512786,
      "cv_mae": 3.9280516664147966,
      "cv_rmse": 5.022908661819808,
      "bestParams": {
        "alpha": 4.0
      }
    },
    "hgb": {
      "mae": 3.8354997762379393,
      "rmse": 4.925209519904155,
      "cv_mae": 3.953663011920947,
      "cv_rmse": 5.035401979619521,
      "bestParams": {
        "max_depth": 4,
        "learning_rate": 0.05,
        "max_iter": 220,
        "min_samples_leaf": 20
      }
    }
  }
}