{
  "createdAt": "2026-06-22T15:50:29Z",
  "modelVersion": "afl-disp-20260622-155028",
  "method": "isotonic",
  "sampleCount": 1113,
  "xThresholds": [
    3.067936257228343e-05,
    0.0001420782271004395,
    0.007630572982573969,
    0.021099800033238747,
    0.08124688545552139,
    0.08493032922961374,
    0.2165602679983809,
    0.2172707321154237,
    0.23948716249138569,
    0.23968184055016872,
    0.5761061625471775,
    0.5761776394369283,
    0.6104284313192063,
    0.6110095558121635,
    0.6383713547571691,
    0.6386698615542123,
    0.7736364783063563,
    0.7795229978045362,
    0.8191812965393681
  ],
  "yThresholds": [
    0.0,
    0.3333333333333333,
    0.3333333333333333,
    0.34615384615384615,
    0.34615384615384615,
    0.4146341463414634,
    0.4146341463414634,
    0.42857142857142855,
    0.42857142857142855,
    0.4775561097256858,
    0.4775561097256858,
    0.49056603773584906,
    0.49056603773584906,
    0.5348837209302325,
    0.5348837209302325,
    0.5454545454545455,
    0.5454545454545455,
    1.0,
    1.0
  ],
  "metricsBefore": {
    "brier": 0.273057,
    "logLoss": 0.76596
  },
  "metricsAfter": {
    "brier": 0.247433,
    "logLoss": 0.687462
  }
}