{
  "version": "afl-disp-20260701-133333",
  "createdAt": "2026-07-01T13:33:34Z",
  "modelType": "ridge",
  "metrics": {
    "baseline": {
      "mae": 4.208788019057784,
      "rmse": 5.3467818261307345
    },
    "ridge": {
      "mae": 3.859357206681069,
      "rmse": 4.94474662591532,
      "cv_mae": 3.9306563756103414,
      "cv_rmse": 5.0256458038954435,
      "bestParams": {
        "alpha": 4.0
      }
    },
    "hgb": {
      "mae": 3.875860664562253,
      "rmse": 4.964716131780794,
      "cv_mae": 3.9515194818416863,
      "cv_rmse": 5.031439777227941,
      "bestParams": {
        "max_depth": 4,
        "learning_rate": 0.05,
        "max_iter": 220,
        "min_samples_leaf": 20
      }
    }
  }
}