{
  "version": "afl-disp-20260403-160112",
  "createdAt": "2026-04-03T16:01:12Z",
  "modelType": "hgb",
  "metrics": {
    "baseline": {
      "mae": 4.187537527117156,
      "rmse": 5.325175677624704
    },
    "ridge": {
      "mae": 3.862706044292861,
      "rmse": 4.964181485452694
    },
    "hgb": {
      "mae": 3.791833969255183,
      "rmse": 4.891732349200056
    }
  }
}