{
  "version": "afl-disp-20260403-144124",
  "createdAt": "2026-04-03T14:41:24Z",
  "modelType": "hgb",
  "metrics": {
    "baseline": {
      "mae": 4.187537527117164,
      "rmse": 5.325175677624706
    },
    "ridge": {
      "mae": 3.854821461126222,
      "rmse": 4.955202738387567
    },
    "hgb": {
      "mae": 3.823565732520115,
      "rmse": 4.911964473264109
    }
  }
}