{
  "version": "afl-disp-20260511-134640",
  "createdAt": "2026-05-11T13:46:41Z",
  "modelType": "hgb",
  "metrics": {
    "baseline": {
      "mae": 4.193361826389911,
      "rmse": 5.329656277383942
    },
    "ridge": {
      "mae": 3.844654449256577,
      "rmse": 4.936727226510629,
      "cv_mae": 3.933607724702609,
      "cv_rmse": 5.028734130926448,
      "bestParams": {
        "alpha": 4.0
      }
    },
    "hgb": {
      "mae": 3.8285824341043107,
      "rmse": 4.914354634704168,
      "cv_mae": 3.953741719776462,
      "cv_rmse": 5.039056856885675,
      "bestParams": {
        "max_depth": 4,
        "learning_rate": 0.05,
        "max_iter": 220,
        "min_samples_leaf": 20
      }
    }
  }
}