{
  "createdAt": "2026-06-21T13:04:53Z",
  "modelVersion": "afl-disp-20260621-130451",
  "method": "isotonic",
  "sampleCount": 1074,
  "xThresholds": [
    0.00011708392225373565,
    0.0002332262334148183,
    0.05347890478045758,
    0.054211688149237824,
    0.11482344091396657,
    0.11579997054765512,
    0.12528723649247442,
    0.12560308837442657,
    0.1978842174689739,
    0.20058880711778526,
    0.4324320420589869,
    0.4328422852433359,
    0.6148474692620507,
    0.6154596625906219,
    0.625053769974884,
    0.625083329590431,
    0.7987460099542516,
    0.8187480259388016,
    0.8714736093509721
  ],
  "yThresholds": [
    0.0,
    0.125,
    0.125,
    0.3125,
    0.3125,
    0.3333333333333333,
    0.3333333333333333,
    0.40425531914893614,
    0.40425531914893614,
    0.458,
    0.458,
    0.4811083123425691,
    0.4811083123425691,
    0.5,
    0.5,
    0.6292134831460673,
    0.6292134831460673,
    1.0,
    1.0
  ],
  "metricsBefore": {
    "brier": 0.265941,
    "logLoss": 0.738323
  },
  "metricsAfter": {
    "brier": 0.244682,
    "logLoss": 0.681463
  }
}