{
  "createdAt": "2026-06-12T14:09:39Z",
  "modelVersion": "afl-disp-20260612-140937",
  "method": "isotonic",
  "sampleCount": 1197,
  "xThresholds": [
    0.0001306928382756034,
    0.03495492440971182,
    0.03948914518684732,
    0.09728461905144536,
    0.09853774229992762,
    0.169651529448555,
    0.17132439240342567,
    0.1722809952646951,
    0.17252012066720823,
    0.18046651406451764,
    0.18089718456405168,
    0.21524666694388983,
    0.2153975368482065,
    0.33864513208271285,
    0.33921118146663143,
    0.4001593364727887,
    0.40081138405417527,
    0.4437834904797108,
    0.44434702385621994,
    0.5261395037986476,
    0.5268639769633254,
    0.6276503512153904,
    0.6287064135431735,
    0.6753523741845927,
    0.6809796572500209,
    0.8228102041061166,
    0.8274112805973777,
    0.8968586968464847
  ],
  "yThresholds": [
    0.25,
    0.25,
    0.3,
    0.3,
    0.30952380952380953,
    0.30952380952380953,
    0.3333333333333333,
    0.3333333333333333,
    0.4,
    0.4,
    0.42105263157894735,
    0.42105263157894735,
    0.44150943396226405,
    0.44150943396226405,
    0.4423076923076923,
    0.4423076923076923,
    0.45454545454545453,
    0.45454545454545453,
    0.45614035087719296,
    0.45614035087719296,
    0.5064102564102564,
    0.5064102564102564,
    0.55,
    0.55,
    0.5581395348837209,
    0.5581395348837209,
    1.0,
    1.0
  ],
  "metricsBefore": {
    "brier": 0.262104,
    "logLoss": 0.734645
  },
  "metricsAfter": {
    "brier": 0.244838,
    "logLoss": 0.682202
  }
}