{
  "version": "afl-disp-20260711-115411",
  "createdAt": "2026-07-11T11:54:11Z",
  "modelType": "ridge",
  "metrics": {
    "baseline": {
      "mae": 4.215930311329836,
      "rmse": 5.350002038746058
    },
    "ridge": {
      "mae": 3.863558495132266,
      "rmse": 4.9462958647220665,
      "cv_mae": 3.9295276215185844,
      "cv_rmse": 5.028309792681223,
      "bestParams": {
        "alpha": 4.0
      }
    },
    "hgb": {
      "mae": 3.8656150198312176,
      "rmse": 4.960510059817245,
      "cv_mae": 3.936681074018997,
      "cv_rmse": 5.0210054128039765,
      "bestParams": {
        "max_depth": 4,
        "learning_rate": 0.05,
        "max_iter": 220,
        "min_samples_leaf": 20
      }
    }
  }
}