{
  "createdAt": "2026-04-26T11:38:14Z",
  "modelVersion": "afl-disp-20260426-113813",
  "method": "isotonic",
  "sampleCount": 501,
  "xThresholds": [
    0.024212531470744092,
    0.09338019358050165,
    0.09939675036712026,
    0.29211346884525957,
    0.29659464431895344,
    0.3913224907995707,
    0.3918724828470386,
    0.5426292962041945,
    0.5433613592219337,
    0.6502469368509385,
    0.6514907388297848,
    0.8540882830668068,
    0.898661129750975
  ],
  "yThresholds": [
    0.0,
    0.0,
    0.2564102564102564,
    0.2564102564102564,
    0.44285714285714284,
    0.44285714285714284,
    0.48369565217391297,
    0.48369565217391297,
    0.5373134328358209,
    0.5373134328358209,
    0.5517241379310345,
    0.5517241379310345,
    1.0
  ],
  "metricsBefore": {
    "brier": 0.251603,
    "logLoss": 0.69965
  },
  "metricsAfter": {
    "brier": 0.237914,
    "logLoss": 0.667003
  }
}