{
  "version": "afl-disp-20260403-142911",
  "createdAt": "2026-04-03T14:29:11Z",
  "modelType": "hgb",
  "metrics": {
    "baseline": {
      "mae": 4.187537527117164,
      "rmse": 5.325175677624706
    },
    "ridge": {
      "mae": 3.852280558662771,
      "rmse": 4.960360990301651
    },
    "hgb": {
      "mae": 3.8133663051312885,
      "rmse": 4.899805731995125
    }
  }
}