{
  "createdAt": "2026-04-20T12:02:43Z",
  "modelVersion": "afl-disp-20260420-120242",
  "method": "isotonic",
  "sampleCount": 396,
  "xThresholds": [
    0.02319806001655811,
    0.06236609368923163,
    0.1097115930153213,
    0.2227961175655705,
    0.22558143054266044,
    0.28363661775425775,
    0.2848359264612095,
    0.31807335623732,
    0.31992456285146664,
    0.38977026606530163,
    0.39026881402603797,
    0.4658763591820976,
    0.46741203428719535,
    0.781574212315032,
    0.8134357035754032,
    0.8681402281062205
  ],
  "yThresholds": [
    0.0,
    0.0,
    0.23076923076923078,
    0.23076923076923078,
    0.23684210526315788,
    0.23684210526315788,
    0.391304347826087,
    0.391304347826087,
    0.4626865671641791,
    0.4626865671641791,
    0.4673913043478261,
    0.4673913043478261,
    0.5136986301369864,
    0.5136986301369864,
    1.0,
    1.0
  ],
  "metricsBefore": {
    "brier": 0.248875,
    "logLoss": 0.692171
  },
  "metricsAfter": {
    "brier": 0.234832,
    "logLoss": 0.659632
  }
}