{
  "version": "afl-disp-20260523-175011",
  "createdAt": "2026-05-23T17:51:40Z",
  "modelType": "rf",
  "metrics": {
    "baseline": {
      "mae": 4.19898161144641,
      "rmse": 5.331262486559978
    },
    "ridge": {
      "mae": 3.8450281810051554,
      "rmse": 4.929977905970837,
      "cv_mae": 3.9170413631615815,
      "cv_rmse": 5.024314378454215,
      "bestParams": {
        "alpha": 16.0
      }
    },
    "hgb": {
      "mae": 3.845582125347877,
      "rmse": 4.932816793256779,
      "cv_mae": 3.933287451726609,
      "cv_rmse": 5.030689096155176,
      "bestParams": {
        "max_depth": 4,
        "learning_rate": 0.03,
        "max_iter": 220,
        "min_samples_leaf": 30
      }
    },
    "rf": {
      "mae": 3.73990187386361,
      "rmse": 4.8229851185815145,
      "cv_mae": 3.9468479784271957,
      "cv_rmse": 5.0565828908782855,
      "bestParams": {
        "n_estimators": 500,
        "max_depth": 12,
        "min_samples_leaf": 3
      }
    }
  }
}