{
  "createdAt": "2026-04-25T17:24:13Z",
  "modelVersion": "afl-disp-20260425-172334",
  "method": "isotonic",
  "sampleCount": 483,
  "xThresholds": [
    0.02929897360179179,
    0.03439342695133152,
    0.06599643335098127,
    0.10698047492565244,
    0.11235523284074977,
    0.1428926817363576,
    0.14837948418410418,
    0.23861530936699016,
    0.2398400977366355,
    0.31921617123410284,
    0.319295597895069,
    0.35040100018486275,
    0.350896721691074,
    0.4351944020562081,
    0.43523657733972065,
    0.4459699195752169,
    0.44638940380552194,
    0.4852051674579133,
    0.4852896389517206,
    0.5155949835654126,
    0.5160197427922627,
    0.6605552696916807,
    0.6639621380869162,
    0.7483422468789658,
    0.7946881623655078
  ],
  "yThresholds": [
    0.0,
    0.0,
    0.2,
    0.2,
    0.3,
    0.3,
    0.3142857142857143,
    0.3142857142857143,
    0.3728813559322034,
    0.3728813559322034,
    0.4418604651162791,
    0.4418604651162791,
    0.45833333333333326,
    0.45833333333333326,
    0.4666666666666667,
    0.4666666666666667,
    0.48333333333333334,
    0.48333333333333334,
    0.4864864864864865,
    0.4864864864864865,
    0.5063291139240507,
    0.5063291139240507,
    0.5882352941176471,
    0.5882352941176471,
    1.0
  ],
  "metricsBefore": {
    "brier": 0.253324,
    "logLoss": 0.704348
  },
  "metricsAfter": {
    "brier": 0.241118,
    "logLoss": 0.673834
  }
}