{
  "version": "afl-disp-20260522-133010",
  "createdAt": "2026-05-22T13:30:12Z",
  "modelType": "hgb",
  "metrics": {
    "baseline": {
      "mae": 4.197368859527349,
      "rmse": 5.331331026260611
    },
    "ridge": {
      "mae": 3.844268106621521,
      "rmse": 4.934499480041597,
      "cv_mae": 3.9291974427348433,
      "cv_rmse": 5.026079383718245,
      "bestParams": {
        "alpha": 4.0
      }
    },
    "hgb": {
      "mae": 3.8422507493177935,
      "rmse": 4.932984481242377,
      "cv_mae": 3.956390150354951,
      "cv_rmse": 5.044072010756484,
      "bestParams": {
        "max_depth": 4,
        "learning_rate": 0.05,
        "max_iter": 220,
        "min_samples_leaf": 20
      }
    }
  }
}