{
  "createdAt": "2026-05-14T12:25:12Z",
  "modelVersion": "afl-disp-20260514-122511",
  "method": "isotonic",
  "sampleCount": 908,
  "xThresholds": [
    0.0001278686187249356,
    0.058484810034837964,
    0.07020563712906425,
    0.1992867393150224,
    0.19949630644904304,
    0.23647183779508674,
    0.23826285176431117,
    0.2701011041620124,
    0.27100332291243623,
    0.3776108478617385,
    0.37783255174545705,
    0.38827822337173845,
    0.388390508909896,
    0.43685989311852147,
    0.43737871172371867,
    0.4761316395896732,
    0.4763038288429172,
    0.4767617228004867,
    0.47679582962777745,
    0.7662983646794053,
    0.7817285788060919,
    0.8324912133390736,
    0.8349107407873326,
    0.8444660005502337
  ],
  "yThresholds": [
    0.2,
    0.2,
    0.2545454545454545,
    0.2545454545454545,
    0.3333333333333333,
    0.3333333333333333,
    0.34,
    0.34,
    0.43555555555555553,
    0.43555555555555553,
    0.4482758620689655,
    0.4482758620689655,
    0.45161290322580644,
    0.45161290322580644,
    0.47619047619047616,
    0.47619047619047616,
    0.5,
    0.5,
    0.5017301038062284,
    0.5017301038062284,
    0.75,
    0.75,
    1.0,
    1.0
  ],
  "metricsBefore": {
    "brier": 0.25337,
    "logLoss": 0.710396
  },
  "metricsAfter": {
    "brier": 0.240939,
    "logLoss": 0.674074
  }
}