{
  "version": "afl-disp-20260622-200959",
  "createdAt": "2026-06-22T20:10:58Z",
  "modelType": "rf",
  "metrics": {
    "baseline": {
      "mae": 4.2030166831910725,
      "rmse": 5.3369672979172105
    },
    "ridge": {
      "mae": 3.851174599661166,
      "rmse": 4.9336844248670575,
      "cv_mae": 3.9220434449877617,
      "cv_rmse": 5.02899237173406,
      "bestParams": {
        "alpha": 16.0
      }
    },
    "hgb": {
      "mae": 3.838195157229957,
      "rmse": 4.926694632005626,
      "cv_mae": 3.9305069218966695,
      "cv_rmse": 5.030810970572739,
      "bestParams": {
        "max_depth": 4,
        "learning_rate": 0.03,
        "max_iter": 220,
        "min_samples_leaf": 30
      }
    },
    "rf": {
      "mae": 3.7555756198698877,
      "rmse": 4.841816352687652,
      "cv_mae": 3.9497758826201435,
      "cv_rmse": 5.057354179971326,
      "bestParams": {
        "n_estimators": 300,
        "max_depth": 12,
        "min_samples_leaf": 3
      }
    }
  }
}