{
  "createdAt": "2026-04-22T11:59:24Z",
  "modelVersion": "afl-disp-20260422-115923",
  "method": "isotonic",
  "sampleCount": 396,
  "xThresholds": [
    0.018208584923230298,
    0.07240181851255079,
    0.07754495922201332,
    0.11040126978282871,
    0.12411952775477308,
    0.181005095827527,
    0.18456080477393444,
    0.26108190158793265,
    0.2618628818624591,
    0.2913419951725662,
    0.29141565836974226,
    0.5839674489467681,
    0.5847815856567229,
    0.7157946412825232,
    0.7359122066475849,
    0.7734717909082872
  ],
  "yThresholds": [
    0.0,
    0.0,
    0.25,
    0.25,
    0.3333333333333333,
    0.3333333333333333,
    0.36363636363636365,
    0.36363636363636365,
    0.4230769230769231,
    0.4230769230769231,
    0.45724907063197023,
    0.45724907063197023,
    0.5,
    0.5,
    1.0,
    1.0
  ],
  "metricsBefore": {
    "brier": 0.259245,
    "logLoss": 0.716046
  },
  "metricsAfter": {
    "brier": 0.240832,
    "logLoss": 0.671727
  }
}