{
  "createdAt": "2026-06-11T14:34:59Z",
  "modelVersion": "afl-disp-20260611-143457",
  "method": "isotonic",
  "sampleCount": 1190,
  "xThresholds": [
    9.158690935695546e-05,
    0.03917127318321856,
    0.049148248210096,
    0.20081633624692774,
    0.202621670970913,
    0.25250133237170314,
    0.2533752528838622,
    0.4742525333800506,
    0.4746582843552968,
    0.552494041720559,
    0.5526062250728729,
    0.5605870852713661,
    0.5606892808190092,
    0.6054866374960143,
    0.6066743915789529,
    0.625262554010305,
    0.625782177210563,
    0.8672266111109382,
    0.8715102029217363,
    0.9008611146472543
  ],
  "yThresholds": [
    0.125,
    0.125,
    0.3522727272727273,
    0.3522727272727273,
    0.4027777777777778,
    0.4027777777777778,
    0.4478114478114478,
    0.4478114478114478,
    0.44878048780487806,
    0.44878048780487806,
    0.47368421052631576,
    0.47368421052631576,
    0.5066666666666667,
    0.5066666666666667,
    0.5263157894736842,
    0.5263157894736842,
    0.5370370370370371,
    0.5370370370370371,
    1.0,
    1.0
  ],
  "metricsBefore": {
    "brier": 0.264339,
    "logLoss": 0.736255
  },
  "metricsAfter": {
    "brier": 0.244488,
    "logLoss": 0.681499
  }
}