{
  "createdAt": "2026-05-17T12:00:16Z",
  "modelVersion": "afl-disp-20260517-120016",
  "method": "isotonic",
  "sampleCount": 998,
  "xThresholds": [
    1.8047882316407637e-05,
    0.011784237964945099,
    0.02181657585757857,
    0.09483101656784942,
    0.09681283635692206,
    0.23829372876771848,
    0.24124229192780933,
    0.2857387216755284,
    0.2863409382055272,
    0.3439744284902524,
    0.344972305240991,
    0.3603905308815969,
    0.3607579545037063,
    0.38406049565163136,
    0.38523134851359564,
    0.6726761918486324,
    0.6736389383709869,
    0.6930514347261922,
    0.6974726665395453,
    0.734094210248716,
    0.7370639714328875,
    0.826906919213382,
    0.8603082868921128,
    0.892253779469032
  ],
  "yThresholds": [
    0.3333333333333333,
    0.3333333333333333,
    0.35714285714285715,
    0.35714285714285715,
    0.36153846153846153,
    0.36153846153846153,
    0.3855421686746988,
    0.3855421686746988,
    0.3953488372093023,
    0.3953488372093023,
    0.4090909090909091,
    0.4090909090909091,
    0.4482758620689655,
    0.4482758620689655,
    0.49173553719008284,
    0.49173553719008284,
    0.5,
    0.5,
    0.5263157894736842,
    0.5263157894736842,
    0.55,
    0.55,
    1.0,
    1.0
  ],
  "metricsBefore": {
    "brier": 0.262255,
    "logLoss": 0.739362
  },
  "metricsAfter": {
    "brier": 0.243511,
    "logLoss": 0.679659
  }
}