{
  "createdAt": "2026-04-14T11:56:55Z",
  "modelVersion": "afl-disp-20260414-115654",
  "method": "isotonic",
  "sampleCount": 231,
  "xThresholds": [
    0.02806211988944296,
    0.17993794887285786,
    0.18089022126744103,
    0.2569951302076521,
    0.26218790412038917,
    0.30144407936068585,
    0.30162354186951656,
    0.3072999041772527,
    0.31125297340085767,
    0.42680352135968225,
    0.4276049412069072,
    0.6779698428354838,
    0.7084882807261841,
    0.7363053849853852,
    0.7908236461616053
  ],
  "yThresholds": [
    0.0,
    0.0,
    0.13636363636363635,
    0.13636363636363635,
    0.2,
    0.2,
    0.3333333333333333,
    0.3333333333333333,
    0.38961038961038963,
    0.38961038961038963,
    0.4636363636363636,
    0.4636363636363636,
    0.6666666666666666,
    0.6666666666666666,
    1.0
  ],
  "metricsBefore": {
    "brier": 0.23548,
    "logLoss": 0.66098
  },
  "metricsAfter": {
    "brier": 0.221604,
    "logLoss": 0.627797
  }
}