{
  "createdAt": "2026-05-24T17:49:07Z",
  "modelVersion": "afl-disp-20260524-174750",
  "method": "isotonic",
  "sampleCount": 1159,
  "xThresholds": [
    0.00014737330616987343,
    0.039684311655009075,
    0.04362031445486325,
    0.16797444092861824,
    0.16832103929366404,
    0.19580249017594908,
    0.196115235795289,
    0.20822235537355538,
    0.20829905482425082,
    0.24881305435708279,
    0.24917480038177953,
    0.3230000164076384,
    0.323812644784934,
    0.5406467683174347,
    0.5407172922703831,
    0.6023363689649823,
    0.6047806170909462,
    0.6855948653325643,
    0.6863381866153204,
    0.7426730272734929,
    0.7499608509622144,
    0.8201601432518864
  ],
  "yThresholds": [
    0.14285714285714285,
    0.14285714285714285,
    0.32558139534883723,
    0.32558139534883723,
    0.35714285714285715,
    0.35714285714285715,
    0.36363636363636365,
    0.36363636363636365,
    0.3673469387755102,
    0.3673469387755102,
    0.38728323699421957,
    0.38728323699421957,
    0.4728682170542636,
    0.4728682170542636,
    0.4731182795698925,
    0.4731182795698925,
    0.4857142857142857,
    0.4857142857142857,
    0.5483870967741935,
    0.5483870967741935,
    0.5555555555555556,
    0.5555555555555556
  ],
  "metricsBefore": {
    "brier": 0.260682,
    "logLoss": 0.72663
  },
  "metricsAfter": {
    "brier": 0.244224,
    "logLoss": 0.681309
  }
}