{
  "createdAt": "2026-06-05T18:37:25Z",
  "modelVersion": "afl-disp-20260605-183620",
  "method": "isotonic",
  "sampleCount": 1221,
  "xThresholds": [
    0.00025213730110107413,
    0.04311477605402869,
    0.04763281548294329,
    0.22197385637729172,
    0.22243507590652212,
    0.23207635395735626,
    0.2327748987510747,
    0.2534686973785326,
    0.2534748316854485,
    0.2675929071617682,
    0.26851323657223614,
    0.2695085787949367,
    0.2704558797224723,
    0.3177986722756897,
    0.31848971432080175,
    0.524210114301267,
    0.5243233192823684,
    0.5349419304694618,
    0.5366412809662249,
    0.641244646072151,
    0.6416153935184067,
    0.715722444450754,
    0.717519272894499,
    0.8254223536970731,
    0.9192246860266406
  ],
  "yThresholds": [
    0.125,
    0.125,
    0.35714285714285715,
    0.35714285714285715,
    0.3684210526315789,
    0.3684210526315789,
    0.37142857142857144,
    0.37142857142857144,
    0.391304347826087,
    0.391304347826087,
    0.4,
    0.4,
    0.4369747899159664,
    0.4369747899159664,
    0.4596651445966514,
    0.4596651445966514,
    0.5,
    0.5,
    0.5060975609756098,
    0.5060975609756098,
    0.5416666666666666,
    0.5416666666666666,
    0.5555555555555556,
    0.5555555555555556,
    1.0
  ],
  "metricsBefore": {
    "brier": 0.261267,
    "logLoss": 0.727021
  },
  "metricsAfter": {
    "brier": 0.244848,
    "logLoss": 0.682383
  }
}