{
  "createdAt": "2026-06-14T13:00:34Z",
  "modelVersion": "afl-disp-20260614-130034",
  "method": "isotonic",
  "sampleCount": 1181,
  "xThresholds": [
    1.716672861218349e-05,
    0.011195923771758931,
    0.021001261916006264,
    0.08225745444544075,
    0.08527950514973148,
    0.23157356796387996,
    0.23256917145242018,
    0.2401024005330541,
    0.24122759125493642,
    0.5435270824371853,
    0.5435430095417851,
    0.5516591804684781,
    0.5518743786391207,
    0.579725643265474,
    0.5811087832705701,
    0.6395118847402071,
    0.640631516595777,
    0.7741920342518245,
    0.7793387651404595,
    0.8244752248268419
  ],
  "yThresholds": [
    0.25,
    0.25,
    0.3333333333333333,
    0.3333333333333333,
    0.391304347826087,
    0.391304347826087,
    0.4444444444444444,
    0.4444444444444444,
    0.4503225806451613,
    0.4503225806451613,
    0.48,
    0.48,
    0.4909090909090909,
    0.4909090909090909,
    0.5058823529411764,
    0.5058823529411764,
    0.5324675324675324,
    0.5324675324675324,
    1.0,
    1.0
  ],
  "metricsBefore": {
    "brier": 0.266771,
    "logLoss": 0.752408
  },
  "metricsAfter": {
    "brier": 0.245759,
    "logLoss": 0.684255
  }
}