{
  "createdAt": "2026-04-17T11:50:34Z",
  "modelVersion": "afl-disp-20260417-115034",
  "method": "isotonic",
  "sampleCount": 246,
  "xThresholds": [
    0.02850519298171217,
    0.08037562995387093,
    0.12185748813252062,
    0.25903830730621014,
    0.26243197527025675,
    0.2957432957986955,
    0.30380446085289714,
    0.321585806304441,
    0.32209515006723943,
    0.34566501325685106,
    0.34609321623631484,
    0.36631122662910576,
    0.36677578274841593,
    0.6838689413501564,
    0.684868005421838,
    0.8164099647738849,
    0.838483815557796
  ],
  "yThresholds": [
    0.0,
    0.0,
    0.07692307692307693,
    0.07692307692307693,
    0.14285714285714285,
    0.14285714285714285,
    0.25,
    0.25,
    0.3076923076923077,
    0.3076923076923077,
    0.3333333333333333,
    0.3333333333333333,
    0.4662576687116564,
    0.4662576687116564,
    0.625,
    0.625,
    1.0
  ],
  "metricsBefore": {
    "brier": 0.236327,
    "logLoss": 0.663421
  },
  "metricsAfter": {
    "brier": 0.217122,
    "logLoss": 0.617097
  }
}