{
  "createdAt": "2026-06-04T18:52:36Z",
  "modelVersion": "afl-disp-20260604-185125",
  "method": "isotonic",
  "sampleCount": 1178,
  "xThresholds": [
    0.00019612005697067225,
    0.03400104922475067,
    0.0456078611121713,
    0.27034921015514723,
    0.2706559842678089,
    0.5344517364097131,
    0.5347249504238649,
    0.690261064271041,
    0.6923878283152983,
    0.7228410678978534,
    0.7233515634908572,
    0.8179189114158458,
    0.886080853219295
  ],
  "yThresholds": [
    0.14285714285714285,
    0.14285714285714285,
    0.37714285714285717,
    0.37714285714285717,
    0.45186136071887034,
    0.45186136071887034,
    0.5282051282051282,
    0.5282051282051282,
    0.6,
    0.6,
    0.6363636363636364,
    0.6363636363636364,
    1.0
  ],
  "metricsBefore": {
    "brier": 0.262747,
    "logLoss": 0.731683
  },
  "metricsAfter": {
    "brier": 0.244865,
    "logLoss": 0.68249
  }
}