{
  "createdAt": "2026-05-17T17:49:39Z",
  "modelVersion": "afl-disp-20260517-174830",
  "method": "isotonic",
  "sampleCount": 1049,
  "xThresholds": [
    0.0001741766976968151,
    0.04059544372186075,
    0.04849800491308065,
    0.141208508091349,
    0.14139111490599499,
    0.27479555731563454,
    0.276919270415518,
    0.33228573465857747,
    0.3328626074334178,
    0.5248961121310591,
    0.5250186748223459,
    0.6369414990255026,
    0.6402595334057286,
    0.6657640585381387,
    0.666636966429951,
    0.6812343746147611,
    0.6845008073426767,
    0.8189138272192633,
    0.8262257887821574
  ],
  "yThresholds": [
    0.2,
    0.2,
    0.2608695652173913,
    0.2608695652173913,
    0.2978723404255319,
    0.2978723404255319,
    0.4652777777777778,
    0.4652777777777778,
    0.46691176470588236,
    0.46691176470588236,
    0.48175182481751827,
    0.48175182481751827,
    0.5238095238095238,
    0.5238095238095238,
    0.5384615384615384,
    0.5384615384615384,
    0.55,
    0.55,
    1.0
  ],
  "metricsBefore": {
    "brier": 0.256152,
    "logLoss": 0.716172
  },
  "metricsAfter": {
    "brier": 0.241733,
    "logLoss": 0.675941
  }
}