{
  "createdAt": "2026-05-11T13:46:41Z",
  "modelVersion": "afl-disp-20260511-134640",
  "method": "isotonic",
  "sampleCount": 908,
  "xThresholds": [
    0.00020218482967360174,
    0.07535084590747698,
    0.08232797358595922,
    0.2283902394596653,
    0.2295332966584842,
    0.2464274888032547,
    0.24644756387342337,
    0.27226594561233,
    0.2723245536312632,
    0.27296859533106455,
    0.2739061038734645,
    0.36438445152829957,
    0.3645274127539706,
    0.5146241949833074,
    0.514830839002886,
    0.5178636953190713,
    0.5181154929920612,
    0.6914638563802041,
    0.6946209876146527,
    0.7591276686464918,
    0.7667983911408707,
    0.8485603577568419
  ],
  "yThresholds": [
    0.16666666666666666,
    0.16666666666666666,
    0.24615384615384614,
    0.24615384615384614,
    0.2777777777777778,
    0.2777777777777778,
    0.3,
    0.3,
    0.3333333333333333,
    0.3333333333333333,
    0.4065934065934066,
    0.4065934065934066,
    0.4801061007957561,
    0.4801061007957561,
    0.5,
    0.5,
    0.5054945054945055,
    0.5054945054945055,
    0.5416666666666666,
    0.5416666666666666,
    1.0,
    1.0
  ],
  "metricsBefore": {
    "brier": 0.249689,
    "logLoss": 0.701005
  },
  "metricsAfter": {
    "brier": 0.238478,
    "logLoss": 0.668267
  }
}