{
  "createdAt": "2026-04-16T11:58:20Z",
  "modelVersion": "afl-disp-20260416-115820",
  "method": "isotonic",
  "sampleCount": 231,
  "xThresholds": [
    0.022718665444687147,
    0.14198353965417132,
    0.14492947492875952,
    0.22987002400577206,
    0.23347711294596762,
    0.27671761595972466,
    0.2786782434169267,
    0.30173131242338624,
    0.3073334340917244,
    0.3998850148683597,
    0.4010414848046533,
    0.46616097230253506,
    0.46662203943196456,
    0.7987079515027585,
    0.880222222213386
  ],
  "yThresholds": [
    0.0,
    0.0,
    0.1,
    0.1,
    0.1111111111111111,
    0.1111111111111111,
    0.125,
    0.125,
    0.3709677419354839,
    0.3709677419354839,
    0.4594594594594595,
    0.4594594594594595,
    0.4891304347826087,
    0.4891304347826087,
    1.0
  ],
  "metricsBefore": {
    "brier": 0.23348,
    "logLoss": 0.657188
  },
  "metricsAfter": {
    "brier": 0.217311,
    "logLoss": 0.617764
  }
}