{
  "createdAt": "2026-04-26T17:26:06Z",
  "modelVersion": "afl-disp-20260426-172543",
  "method": "isotonic",
  "sampleCount": 556,
  "xThresholds": [
    0.024073733430975075,
    0.041882819242045954,
    0.052277975848719294,
    0.11575587828875222,
    0.12757607965862827,
    0.27471511699060613,
    0.2747542442487254,
    0.33281054020424206,
    0.33287576908366057,
    0.5319826109364197,
    0.5321875397293718,
    0.6100681086036488,
    0.6128834174261963,
    0.6436506147886237,
    0.644410341299048,
    0.7270709232668817,
    0.735236890982255,
    0.7495258138063778,
    0.7819689908463175
  ],
  "yThresholds": [
    0.0,
    0.0,
    0.2222222222222222,
    0.2222222222222222,
    0.2777777777777778,
    0.2777777777777778,
    0.4411764705882353,
    0.4411764705882353,
    0.46601941747572817,
    0.46601941747572817,
    0.5384615384615384,
    0.5384615384615384,
    0.5555555555555556,
    0.5555555555555556,
    0.5714285714285714,
    0.5714285714285714,
    0.6666666666666666,
    0.6666666666666666,
    1.0
  ],
  "metricsBefore": {
    "brier": 0.252814,
    "logLoss": 0.702974
  },
  "metricsAfter": {
    "brier": 0.238912,
    "logLoss": 0.668964
  }
}