{
  "createdAt": "2026-06-13T12:23:45Z",
  "modelVersion": "afl-disp-20260613-122344",
  "method": "isotonic",
  "sampleCount": 1199,
  "xThresholds": [
    1.7418319306905516e-05,
    0.011258506218718933,
    0.021165353578798896,
    0.08351976185158749,
    0.08594182716619314,
    0.2314303783655527,
    0.23232964156884095,
    0.5683593356025649,
    0.5707190410076919,
    0.5812481545736223,
    0.582806877896989,
    0.632030852726908,
    0.6335094028198989,
    0.6407288458783973,
    0.643052572258548,
    0.7548526490879066,
    0.7589718813571913,
    0.7923425390302655,
    0.8286214204303892
  ],
  "yThresholds": [
    0.2857142857142857,
    0.2857142857142857,
    0.3181818181818182,
    0.3181818181818182,
    0.39655172413793105,
    0.39655172413793105,
    0.4588100686498856,
    0.4588100686498856,
    0.47058823529411764,
    0.47058823529411764,
    0.4861111111111111,
    0.4861111111111111,
    0.5,
    0.5,
    0.5277777777777778,
    0.5277777777777778,
    0.625,
    0.625,
    1.0
  ],
  "metricsBefore": {
    "brier": 0.269713,
    "logLoss": 0.758779
  },
  "metricsAfter": {
    "brier": 0.24647,
    "logLoss": 0.685861
  }
}