{
  "createdAt": "2026-05-25T18:25:05Z",
  "modelVersion": "afl-disp-20260525-182353",
  "method": "isotonic",
  "sampleCount": 1159,
  "xThresholds": [
    0.00023773738667298705,
    0.022923971956258282,
    0.04092176626973143,
    0.14564842028420377,
    0.1472276202978633,
    0.17442558975737033,
    0.17456651912514742,
    0.25274246830482583,
    0.25311387945283537,
    0.29024008407472124,
    0.29109069115990194,
    0.3045479980696353,
    0.30596057213557215,
    0.5596693337628544,
    0.559736198367206,
    0.6613167224821073,
    0.6625717355089129,
    0.6645607565212306,
    0.6670736728488205,
    0.8146572266801779,
    0.8303486659703545,
    0.8491264533679583
  ],
  "yThresholds": [
    0.2,
    0.2,
    0.2857142857142857,
    0.2857142857142857,
    0.3103448275862069,
    0.3103448275862069,
    0.3611111111111111,
    0.3611111111111111,
    0.41975308641975306,
    0.41975308641975306,
    0.43478260869565216,
    0.43478260869565216,
    0.46132971506105835,
    0.46132971506105835,
    0.49019607843137253,
    0.49019607843137253,
    0.5,
    0.5,
    0.5192307692307693,
    0.5192307692307693,
    0.6666666666666666,
    0.6666666666666666
  ],
  "metricsBefore": {
    "brier": 0.260916,
    "logLoss": 0.726522
  },
  "metricsAfter": {
    "brier": 0.244737,
    "logLoss": 0.682406
  }
}