{
  "createdAt": "2026-04-20T17:52:10Z",
  "modelVersion": "afl-disp-20260420-175139",
  "method": "isotonic",
  "sampleCount": 396,
  "xThresholds": [
    0.033512088245853944,
    0.10162968259493188,
    0.2530875424117752,
    0.25385797730219306,
    0.2561454817553529,
    0.2611400962516044,
    0.3223915037982391,
    0.3227711498693313,
    0.46556225180064315,
    0.46584267844737115,
    0.4922560065347672,
    0.49632692236680176,
    0.6867541971717223,
    0.6923954430021001,
    0.7301555433248549,
    0.736068271290028,
    0.7681469509422798
  ],
  "yThresholds": [
    0.0,
    0.2702702702702703,
    0.2702702702702703,
    0.3333333333333333,
    0.3333333333333333,
    0.3877551020408163,
    0.3877551020408163,
    0.45294117647058824,
    0.45294117647058824,
    0.47619047619047616,
    0.47619047619047616,
    0.4909090909090909,
    0.4909090909090909,
    0.6666666666666666,
    0.6666666666666666,
    1.0,
    1.0
  ],
  "metricsBefore": {
    "brier": 0.253329,
    "logLoss": 0.703291
  },
  "metricsAfter": {
    "brier": 0.240191,
    "logLoss": 0.671641
  }
}