{
  "createdAt": "2026-06-19T18:31:40Z",
  "modelVersion": "afl-disp-20260619-183138",
  "method": "isotonic",
  "sampleCount": 1052,
  "xThresholds": [
    0.0002503406364899874,
    0.0006192131111453225,
    0.05196862918988654,
    0.06151194917918623,
    0.1471236284757329,
    0.14852988411335666,
    0.1633657114143896,
    0.16527172554976555,
    0.18955182007985005,
    0.19112362535608507,
    0.19720287070436981,
    0.19761683424371812,
    0.24264410607044296,
    0.24270986588228527,
    0.4339498167756639,
    0.4340739465277119,
    0.48656427712781447,
    0.48672973035288103,
    0.6360290206413397,
    0.6372414457947181,
    0.8526993673491913,
    0.8550831123623679,
    0.855475586616435
  ],
  "yThresholds": [
    0.0,
    0.14285714285714285,
    0.14285714285714285,
    0.28,
    0.28,
    0.3,
    0.3,
    0.3888888888888889,
    0.3888888888888889,
    0.4,
    0.4,
    0.43243243243243246,
    0.43243243243243246,
    0.45560747663551404,
    0.45560747663551404,
    0.47058823529411753,
    0.47058823529411753,
    0.4983164983164983,
    0.4983164983164983,
    0.5797101449275363,
    0.5797101449275363,
    1.0,
    1.0
  ],
  "metricsBefore": {
    "brier": 0.263252,
    "logLoss": 0.730069
  },
  "metricsAfter": {
    "brier": 0.245143,
    "logLoss": 0.682584
  }
}