{
  "createdAt": "2026-05-29T13:58:22Z",
  "modelVersion": "afl-disp-20260529-135820",
  "method": "isotonic",
  "sampleCount": 1181,
  "xThresholds": [
    0.00012975756937816385,
    0.02618870004857876,
    0.04901644400262306,
    0.11047671680986992,
    0.11128942005192854,
    0.11948425738530033,
    0.12104221412122773,
    0.20606483207116744,
    0.20672678912858733,
    0.21110750136008227,
    0.21135911945266095,
    0.24432786130058526,
    0.24443913716044874,
    0.33115611134247946,
    0.3313191084476209,
    0.35173759152599215,
    0.3520053921331827,
    0.36679634314464105,
    0.3668255316108432,
    0.5001981175906991,
    0.5002905518013229,
    0.5701763578025805,
    0.5702963076794869,
    0.5704691090428575,
    0.5704717731469853,
    0.8403814021590043,
    0.8562265313286692,
    0.9036272323575316
  ],
  "yThresholds": [
    0.2,
    0.2,
    0.2222222222222222,
    0.2222222222222222,
    0.25,
    0.25,
    0.2545454545454545,
    0.2545454545454545,
    0.2857142857142857,
    0.2857142857142857,
    0.37142857142857144,
    0.37142857142857144,
    0.39263803680981596,
    0.39263803680981596,
    0.4117647058823529,
    0.4117647058823529,
    0.4418604651162791,
    0.4418604651162791,
    0.4745011086474501,
    0.4745011086474501,
    0.49693251533742333,
    0.49693251533742333,
    0.5,
    0.5,
    0.5157894736842106,
    0.5157894736842106,
    1.0,
    1.0
  ],
  "metricsBefore": {
    "brier": 0.255824,
    "logLoss": 0.714458
  },
  "metricsAfter": {
    "brier": 0.242276,
    "logLoss": 0.676758
  }
}