{
  "createdAt": "2026-06-08T18:59:39Z",
  "modelVersion": "afl-disp-20260608-185848",
  "method": "isotonic",
  "sampleCount": 1190,
  "xThresholds": [
    0.00016895663692773066,
    0.00024829040828100446,
    0.048587646611846225,
    0.04969802775642518,
    0.11863728329357459,
    0.11905092682599383,
    0.15193618439062184,
    0.15452655865559595,
    0.31365418094153774,
    0.31370023074331743,
    0.4531456907274444,
    0.45326518211217626,
    0.5383934323519814,
    0.5392314712372845,
    0.5423134061269161,
    0.5423228120521997,
    0.756853596914645,
    0.7697546222010014,
    0.8088281357857651,
    0.8956947367921028
  ],
  "yThresholds": [
    0.0,
    0.125,
    0.125,
    0.2222222222222222,
    0.2222222222222222,
    0.2777777777777778,
    0.2777777777777778,
    0.43037974683544306,
    0.43037974683544306,
    0.44943820224719094,
    0.44943820224719094,
    0.45045045045045046,
    0.45045045045045046,
    0.5,
    0.5,
    0.504424778761062,
    0.504424778761062,
    0.75,
    0.75,
    1.0
  ],
  "metricsBefore": {
    "brier": 0.261613,
    "logLoss": 0.727218
  },
  "metricsAfter": {
    "brier": 0.243917,
    "logLoss": 0.680179
  }
}