{
  "createdAt": "2026-05-09T17:45:17Z",
  "modelVersion": "afl-disp-20260509-174431",
  "method": "isotonic",
  "sampleCount": 850,
  "xThresholds": [
    0.00013774588703319157,
    0.046735767399915584,
    0.04805147994056724,
    0.24211940184680758,
    0.24236322371089214,
    0.2997272334931784,
    0.3006553695789298,
    0.5090339006450224,
    0.5094441448954392,
    0.5112671388822232,
    0.5153119672987032,
    0.6591436296458365,
    0.6611337863200296,
    0.7232474502405137,
    0.7236033856924353,
    0.8406419762430282
  ],
  "yThresholds": [
    0.25,
    0.25,
    0.2608695652173913,
    0.2608695652173913,
    0.3372093023255814,
    0.3372093023255814,
    0.45546558704453444,
    0.45546558704453444,
    0.5,
    0.5,
    0.5035971223021584,
    0.5035971223021584,
    0.5416666666666666,
    0.5416666666666666,
    0.6,
    0.6
  ],
  "metricsBefore": {
    "brier": 0.252753,
    "logLoss": 0.710122
  },
  "metricsAfter": {
    "brier": 0.239573,
    "logLoss": 0.671641
  }
}