{
  "createdAt": "2026-06-25T18:44:23Z",
  "modelVersion": "afl-disp-20260625-184422",
  "method": "isotonic",
  "sampleCount": 1090,
  "xThresholds": [
    0.000213311553189377,
    0.00034069439191719564,
    0.031329817683021344,
    0.040053655245406494,
    0.09294472863061842,
    0.09810186331589199,
    0.14862301067064454,
    0.14879924559704794,
    0.5735366586512777,
    0.5747091316395726,
    0.612873612994741,
    0.6133768053065973,
    0.6745685320094617,
    0.6751967981545592,
    0.8263353708576373,
    0.8269020393611165,
    0.847692224431993
  ],
  "yThresholds": [
    0.0,
    0.2857142857142857,
    0.2857142857142857,
    0.3333333333333333,
    0.3333333333333333,
    0.35294117647058826,
    0.35294117647058826,
    0.4658018867924529,
    0.4658018867924529,
    0.5277777777777778,
    0.5277777777777778,
    0.5357142857142857,
    0.5357142857142857,
    0.6382978723404256,
    0.6382978723404256,
    1.0,
    1.0
  ],
  "metricsBefore": {
    "brier": 0.269137,
    "logLoss": 0.74915
  },
  "metricsAfter": {
    "brier": 0.24649,
    "logLoss": 0.685531
  }
}