{
  "createdAt": "2026-05-10T17:46:52Z",
  "modelVersion": "afl-disp-20260510-174616",
  "method": "isotonic",
  "sampleCount": 908,
  "xThresholds": [
    0.00015476400468594775,
    0.042630878353274726,
    0.04446226103956119,
    0.28737391704119153,
    0.2876445592700292,
    0.29898009743222553,
    0.29904593684779157,
    0.3005595341765591,
    0.30119157173091915,
    0.4944514298229332,
    0.4948086706446774,
    0.6994370878236549,
    0.7042065514955667,
    0.8122448917122489
  ],
  "yThresholds": [
    0.2,
    0.2,
    0.3192771084337349,
    0.3192771084337349,
    0.3548387096774194,
    0.3548387096774194,
    0.4,
    0.4,
    0.46307385229540915,
    0.46307385229540915,
    0.5079365079365079,
    0.5079365079365079,
    0.7272727272727273,
    0.7272727272727273
  ],
  "metricsBefore": {
    "brier": 0.25575,
    "logLoss": 0.717215
  },
  "metricsAfter": {
    "brier": 0.241368,
    "logLoss": 0.675468
  }
}