{
  "createdAt": "2026-05-14T18:33:00Z",
  "modelVersion": "afl-disp-20260514-183147",
  "method": "isotonic",
  "sampleCount": 919,
  "xThresholds": [
    0.0001448454281549605,
    0.13115914224133107,
    0.1328793435029132,
    0.27687165881774145,
    0.277911764316233,
    0.305822444734531,
    0.30655412173978946,
    0.33699996278920785,
    0.33709270437177485,
    0.49238383956270637,
    0.49267807629880866,
    0.5117997198078612,
    0.5118095890032355,
    0.6305043399805518,
    0.6313711716768804,
    0.6317966184156042,
    0.6319912548304911,
    0.6534809289556772,
    0.653934521740875,
    0.6793490075319875,
    0.6797363515733926,
    0.7220074919621363,
    0.7298404633402904,
    0.7556736133944102,
    0.7897309076351766,
    0.8471320814066541
  ],
  "yThresholds": [
    0.23809523809523808,
    0.23809523809523808,
    0.2845528455284553,
    0.2845528455284553,
    0.4067796610169492,
    0.4067796610169492,
    0.4642857142857143,
    0.4642857142857143,
    0.4739454094292803,
    0.4739454094292803,
    0.4878048780487805,
    0.4878048780487805,
    0.49242424242424243,
    0.49242424242424243,
    0.5,
    0.5,
    0.5294117647058824,
    0.5294117647058824,
    0.5333333333333333,
    0.5333333333333333,
    0.5714285714285714,
    0.5714285714285714,
    0.6,
    0.6,
    0.6666666666666666,
    0.6666666666666666
  ],
  "metricsBefore": {
    "brier": 0.254128,
    "logLoss": 0.712008
  },
  "metricsAfter": {
    "brier": 0.240976,
    "logLoss": 0.674509
  }
}