{
  "createdAt": "2026-04-18T11:32:54Z",
  "modelVersion": "afl-disp-20260418-113254",
  "method": "isotonic",
  "sampleCount": 285,
  "xThresholds": [
    0.024941693577509305,
    0.11629811660987499,
    0.11733564803142138,
    0.2455562529667472,
    0.24836787384287562,
    0.30335426735410875,
    0.3074307499421811,
    0.43277683008156465,
    0.43286810077940974,
    0.6703800688050234,
    0.6768977806278903,
    0.6775630039377488,
    0.6786337365638258,
    0.6828180553271684,
    0.6915085858535899,
    0.7682865863714001,
    0.7738605969669445,
    0.7950141373267254
  ],
  "yThresholds": [
    0.0,
    0.0,
    0.1,
    0.1,
    0.20833333333333334,
    0.20833333333333334,
    0.4175824175824176,
    0.4175824175824176,
    0.48529411764705893,
    0.48529411764705893,
    0.5,
    0.5,
    0.6666666666666666,
    0.6666666666666666,
    0.75,
    0.75,
    1.0,
    1.0
  ],
  "metricsBefore": {
    "brier": 0.239443,
    "logLoss": 0.670093
  },
  "metricsAfter": {
    "brier": 0.223781,
    "logLoss": 0.632885
  }
}