{
  "createdAt": "2026-05-18T18:33:55Z",
  "modelVersion": "afl-disp-20260518-183309",
  "method": "isotonic",
  "sampleCount": 1049,
  "xThresholds": [
    0.0001453513905638193,
    0.040294237759791796,
    0.04417390393543674,
    0.1563796197046825,
    0.1570702789831261,
    0.23382475094745625,
    0.2339761536166849,
    0.2555501763578547,
    0.25591281377760766,
    0.3002598110956467,
    0.30062243500800334,
    0.31313598037094537,
    0.3133857873963828,
    0.5741440551678023,
    0.5743965102987157,
    0.6279446800372925,
    0.6290817491506697,
    0.8311135892625781
  ],
  "yThresholds": [
    0.2,
    0.2,
    0.3225806451612903,
    0.3225806451612903,
    0.325,
    0.325,
    0.3333333333333333,
    0.3333333333333333,
    0.4069767441860465,
    0.4069767441860465,
    0.4146341463414634,
    0.4146341463414634,
    0.46546546546546547,
    0.46546546546546547,
    0.5,
    0.5,
    0.5576923076923077,
    0.5576923076923077
  ],
  "metricsBefore": {
    "brier": 0.257989,
    "logLoss": 0.721119
  },
  "metricsAfter": {
    "brier": 0.243436,
    "logLoss": 0.679766
  }
}