{
  "createdAt": "2026-05-31T12:10:46Z",
  "modelVersion": "afl-disp-20260531-121044",
  "method": "isotonic",
  "sampleCount": 1245,
  "xThresholds": [
    7.242282984587511e-05,
    0.01000959132758239,
    0.030610314140268935,
    0.12885321803713823,
    0.1333345097801808,
    0.19955274192010408,
    0.19967414624445612,
    0.3068396897089385,
    0.30688066728105523,
    0.3417572853397358,
    0.34234471008501655,
    0.5186470486981802,
    0.5191155168598458,
    0.5273565952902357,
    0.5280481385716032,
    0.5670797150468938,
    0.5673348608848163,
    0.6846431059016106,
    0.6849041215039191,
    0.8273197074750354,
    0.8800800596230675
  ],
  "yThresholds": [
    0.25,
    0.25,
    0.2857142857142857,
    0.2857142857142857,
    0.29411764705882354,
    0.29411764705882354,
    0.4,
    0.4,
    0.41935483870967744,
    0.41935483870967744,
    0.447841726618705,
    0.447841726618705,
    0.47368421052631576,
    0.47368421052631576,
    0.5104166666666666,
    0.5104166666666666,
    0.5153374233128835,
    0.5153374233128835,
    0.5660377358490567,
    0.5660377358490567,
    1.0
  ],
  "metricsBefore": {
    "brier": 0.257305,
    "logLoss": 0.718983
  },
  "metricsAfter": {
    "brier": 0.243843,
    "logLoss": 0.680489
  }
}