{
  "createdAt": "2026-05-29T19:05:15Z",
  "modelVersion": "afl-disp-20260529-190411",
  "method": "isotonic",
  "sampleCount": 1187,
  "xThresholds": [
    0.0002610640456253144,
    0.0002717508266125712,
    0.03079276689548316,
    0.04209527730391527,
    0.25511639440182565,
    0.2563892554106554,
    0.30533222992972175,
    0.30597239559015454,
    0.5342205363430285,
    0.5342917050448255,
    0.5766643210487937,
    0.5770182938647841,
    0.6109556222802739,
    0.6115382352891257,
    0.7186641358318198,
    0.7212173878946251,
    0.8143836098720931,
    0.8268873689217577
  ],
  "yThresholds": [
    0.0,
    0.2,
    0.2,
    0.3424657534246575,
    0.3424657534246575,
    0.35185185185185186,
    0.35185185185185186,
    0.47234042553191496,
    0.47234042553191496,
    0.47560975609756095,
    0.47560975609756095,
    0.5142857142857142,
    0.5142857142857142,
    0.5274725274725275,
    0.5274725274725275,
    0.5384615384615384,
    0.5384615384615384,
    1.0
  ],
  "metricsBefore": {
    "brier": 0.260485,
    "logLoss": 0.726411
  },
  "metricsAfter": {
    "brier": 0.243575,
    "logLoss": 0.679751
  }
}