{
  "createdAt": "2026-06-06T17:57:59Z",
  "modelVersion": "afl-disp-20260606-175710",
  "method": "isotonic",
  "sampleCount": 1247,
  "xThresholds": [
    0.0002492069283496212,
    0.029002040422404285,
    0.03232690651010672,
    0.15284303844442826,
    0.15444206853677855,
    0.1567568401868058,
    0.15780031406943906,
    0.28299688760142994,
    0.28331486152200325,
    0.522478587816132,
    0.522623991798672,
    0.6300620334043373,
    0.630880656177461,
    0.7688936409052054,
    0.7694523883180828,
    0.8135529724866499,
    0.8838921190407286
  ],
  "yThresholds": [
    0.14285714285714285,
    0.14285714285714285,
    0.32432432432432434,
    0.32432432432432434,
    0.3333333333333333,
    0.3333333333333333,
    0.36363636363636365,
    0.36363636363636365,
    0.462033462033462,
    0.462033462033462,
    0.4913294797687861,
    0.4913294797687861,
    0.5316455696202531,
    0.5316455696202531,
    0.6,
    0.6,
    1.0
  ],
  "metricsBefore": {
    "brier": 0.262848,
    "logLoss": 0.730649
  },
  "metricsAfter": {
    "brier": 0.244628,
    "logLoss": 0.681985
  }
}