{
  "createdAt": "2026-05-05T11:59:32Z",
  "modelVersion": "afl-disp-20260505-115931",
  "method": "isotonic",
  "sampleCount": 750,
  "xThresholds": [
    0.00015094703005957832,
    0.21515153186618674,
    0.21535689397524194,
    0.2895244143305542,
    0.290789639005977,
    0.29318095882378237,
    0.2935965557943916,
    0.34470239339798747,
    0.34504353428965184,
    0.3669204007880713,
    0.36698364691119856,
    0.3777166149084189,
    0.3777431697661656,
    0.4204790431124199,
    0.42085392986569303,
    0.45353719013247873,
    0.45383497074540324,
    0.6129095558915025,
    0.6133412659865152,
    0.74691874269455,
    0.7472759299933412,
    0.7856265014171944,
    0.8107086072972216
  ],
  "yThresholds": [
    0.2878787878787879,
    0.2878787878787879,
    0.34615384615384615,
    0.34615384615384615,
    0.4,
    0.4,
    0.40625,
    0.40625,
    0.42,
    0.42,
    0.43478260869565216,
    0.43478260869565216,
    0.45652173913043476,
    0.45652173913043476,
    0.48148148148148145,
    0.48148148148148145,
    0.48603351955307256,
    0.48603351955307256,
    0.5,
    0.5,
    0.5714285714285714,
    0.5714285714285714,
    1.0
  ],
  "metricsBefore": {
    "brier": 0.252966,
    "logLoss": 0.714005
  },
  "metricsAfter": {
    "brier": 0.240313,
    "logLoss": 0.673132
  }
}