{
  "createdAt": "2026-06-17T14:26:23Z",
  "modelVersion": "afl-disp-20260617-142622",
  "method": "isotonic",
  "sampleCount": 1131,
  "xThresholds": [
    0.00014985544240353477,
    0.029811126794766052,
    0.03523042500672946,
    0.18545402122169685,
    0.18591642738009628,
    0.2397340108254742,
    0.24253294338886577,
    0.4237555165534177,
    0.4240965676558951,
    0.4433034625421517,
    0.44368846170786436,
    0.5232593281969902,
    0.5235206350462094,
    0.6057995560723939,
    0.6064256712081046,
    0.716681323871093,
    0.7169286080361075,
    0.8250599694290276,
    0.8308329777025459,
    0.8466735431304255
  ],
  "yThresholds": [
    0.25,
    0.25,
    0.2857142857142857,
    0.2857142857142857,
    0.38596491228070173,
    0.38596491228070173,
    0.43735763097949887,
    0.43735763097949887,
    0.4406779661016949,
    0.4406779661016949,
    0.4476987447698744,
    0.4476987447698744,
    0.5149700598802395,
    0.5149700598802395,
    0.5340909090909092,
    0.5340909090909092,
    0.5909090909090909,
    0.5909090909090909,
    1.0,
    1.0
  ],
  "metricsBefore": {
    "brier": 0.258227,
    "logLoss": 0.72591
  },
  "metricsAfter": {
    "brier": 0.243681,
    "logLoss": 0.679799
  }
}