{
  "createdAt": "2026-06-15T20:18:18Z",
  "modelVersion": "afl-disp-20260615-201719",
  "method": "isotonic",
  "sampleCount": 1162,
  "xThresholds": [
    0.00017872209496205826,
    0.12160030911304365,
    0.12365647449625727,
    0.13017929744390622,
    0.13529536448974055,
    0.2723382065751546,
    0.273320940492474,
    0.285205512572831,
    0.2867222179723964,
    0.5237693753389292,
    0.5241918680748396,
    0.6480910871234763,
    0.6486736178506236,
    0.6826677894835992,
    0.6843461698899156,
    0.8249146976504662,
    0.8927252483025039
  ],
  "yThresholds": [
    0.22727272727272727,
    0.22727272727272727,
    0.3333333333333333,
    0.3333333333333333,
    0.40145985401459855,
    0.40145985401459855,
    0.43478260869565216,
    0.43478260869565216,
    0.4468390804597701,
    0.4468390804597701,
    0.5046296296296297,
    0.5046296296296297,
    0.5357142857142857,
    0.5357142857142857,
    0.6111111111111112,
    0.6111111111111112,
    1.0
  ],
  "metricsBefore": {
    "brier": 0.260223,
    "logLoss": 0.729578
  },
  "metricsAfter": {
    "brier": 0.244966,
    "logLoss": 0.682722
  }
}