{
  "createdAt": "2026-06-12T18:40:41Z",
  "modelVersion": "afl-disp-20260612-183937",
  "method": "isotonic",
  "sampleCount": 1215,
  "xThresholds": [
    0.0001876568387007005,
    0.028769388317173794,
    0.030214749433034482,
    0.08477334178230023,
    0.09516460561242923,
    0.13197362020116032,
    0.13287374372157568,
    0.1549023142063879,
    0.15657254614268656,
    0.27359799589233,
    0.27567757549629124,
    0.5138732976523314,
    0.5138877356689378,
    0.5399045290255794,
    0.5405743339989563,
    0.5644102527168584,
    0.564502153197614,
    0.5671217817501706,
    0.5672303902028785,
    0.7169117390339149,
    0.7182908578348962,
    0.7436537130422239,
    0.7456455092509439,
    0.8091434681354455,
    0.8241616470355877,
    0.8927504326221989
  ],
  "yThresholds": [
    0.2,
    0.2,
    0.3333333333333333,
    0.3333333333333333,
    0.375,
    0.375,
    0.38461538461538464,
    0.38461538461538464,
    0.4028776978417266,
    0.4028776978417266,
    0.451568894952251,
    0.451568894952251,
    0.463768115942029,
    0.463768115942029,
    0.4878048780487805,
    0.4878048780487805,
    0.5,
    0.5,
    0.5276073619631901,
    0.5276073619631901,
    0.5555555555555556,
    0.5555555555555556,
    0.6,
    0.6,
    1.0,
    1.0
  ],
  "metricsBefore": {
    "brier": 0.263265,
    "logLoss": 0.736793
  },
  "metricsAfter": {
    "brier": 0.245554,
    "logLoss": 0.683798
  }
}