{
  "createdAt": "2026-04-11T11:28:23Z",
  "modelVersion": "afl-disp-20260411-112823",
  "method": "isotonic",
  "sampleCount": 121,
  "xThresholds": [
    0.022517148227204964,
    0.11495367620726182,
    0.27331270024899346,
    0.28417467236079563,
    0.3081079098786603,
    0.31401446095890484,
    0.4520651247224673,
    0.45536676061084835,
    0.7514304778648997
  ],
  "yThresholds": [
    0.0,
    0.2,
    0.2,
    0.3333333333333333,
    0.3333333333333333,
    0.38181818181818183,
    0.38181818181818183,
    0.4772727272727273,
    0.4772727272727273
  ],
  "metricsBefore": {
    "brier": 0.251871,
    "logLoss": 0.69994
  },
  "metricsAfter": {
    "brier": 0.228863,
    "logLoss": 0.647523
  }
}