{
  "createdAt": "2026-04-13T17:53:37Z",
  "modelVersion": "afl-disp-20260413-175319",
  "method": "isotonic",
  "sampleCount": 231,
  "xThresholds": [
    0.032912856627247744,
    0.15320678846448077,
    0.15453349163413055,
    0.3109660251985622,
    0.3148301551006647,
    0.40863725044200394,
    0.4095443146494203,
    0.41796490605876246,
    0.4203621562825326,
    0.47357453823579554,
    0.4749755428385245,
    0.7313648138134198,
    0.7474981955952829
  ],
  "yThresholds": [
    0.0,
    0.0,
    0.3157894736842105,
    0.3157894736842105,
    0.3709677419354839,
    0.3709677419354839,
    0.4,
    0.4,
    0.41304347826086957,
    0.41304347826086957,
    0.44594594594594594,
    0.44594594594594594,
    1.0
  ],
  "metricsBefore": {
    "brier": 0.247276,
    "logLoss": 0.688606
  },
  "metricsAfter": {
    "brier": 0.230798,
    "logLoss": 0.649334
  }
}