{
  "createdAt": "2026-05-11T18:33:30Z",
  "modelVersion": "afl-disp-20260511-183217",
  "method": "isotonic",
  "sampleCount": 908,
  "xThresholds": [
    0.00019703049056551958,
    0.04299391326695823,
    0.05506984342601218,
    0.2806903680189028,
    0.28139029173431596,
    0.2887639770621928,
    0.28878567934628085,
    0.3020616206783793,
    0.3023170141302952,
    0.30609509989700723,
    0.3083022938779185,
    0.48561738991173653,
    0.4860260301843705,
    0.5131139022503067,
    0.5138539843372231,
    0.6310979024756587,
    0.6311957108361848,
    0.7091309980516971,
    0.7100840251115845,
    0.7334704430080699,
    0.7394607129546211,
    0.8225766253739105
  ],
  "yThresholds": [
    0.2,
    0.2,
    0.29333333333333333,
    0.29333333333333333,
    0.38095238095238093,
    0.38095238095238093,
    0.42424242424242425,
    0.42424242424242425,
    0.46153846153846156,
    0.46153846153846156,
    0.47288503253796094,
    0.47288503253796094,
    0.4791666666666667,
    0.4791666666666667,
    0.48412698412698413,
    0.48412698412698413,
    0.5238095238095238,
    0.5238095238095238,
    0.6,
    0.6,
    0.75,
    0.75
  ],
  "metricsBefore": {
    "brier": 0.254767,
    "logLoss": 0.714217
  },
  "metricsAfter": {
    "brier": 0.241103,
    "logLoss": 0.674817
  }
}