{
  "createdAt": "2026-05-30T17:54:42Z",
  "modelVersion": "afl-disp-20260530-175327",
  "method": "isotonic",
  "sampleCount": 1247,
  "xThresholds": [
    0.00015693296390084654,
    0.041612252260379456,
    0.041676781836082255,
    0.2815806176297927,
    0.28213928999761406,
    0.3111221823607846,
    0.3114379740143264,
    0.5421455829540479,
    0.542167798537462,
    0.5639028235418871,
    0.5643457600035857,
    0.7140880208615923,
    0.7146173657087754,
    0.8096226674322038,
    0.9092264724233438
  ],
  "yThresholds": [
    0.14285714285714285,
    0.14285714285714285,
    0.345,
    0.345,
    0.4266666666666667,
    0.4266666666666667,
    0.4596774193548387,
    0.4596774193548387,
    0.5094339622641509,
    0.5094339622641509,
    0.5205479452054794,
    0.5205479452054794,
    0.5714285714285714,
    0.5714285714285714,
    1.0
  ],
  "metricsBefore": {
    "brier": 0.260313,
    "logLoss": 0.72506
  },
  "metricsAfter": {
    "brier": 0.243798,
    "logLoss": 0.680297
  }
}