{
  "createdAt": "2026-06-01T20:59:53Z",
  "modelVersion": "afl-disp-20260601-205836",
  "method": "isotonic",
  "sampleCount": 1178,
  "xThresholds": [
    0.0001565232704543451,
    0.031996908498326704,
    0.03813597538219238,
    0.2646296990332535,
    0.265803078470231,
    0.27472560560937487,
    0.27557034950096104,
    0.5328987816492663,
    0.5331336795981523,
    0.5412853008526697,
    0.5417770541788448,
    0.5915994097397104,
    0.5919421573753997,
    0.6504178200395784,
    0.6519276554951215,
    0.8055177068841863,
    0.9014675792377993
  ],
  "yThresholds": [
    0.16666666666666666,
    0.16666666666666666,
    0.34591194968553457,
    0.34591194968553457,
    0.38095238095238093,
    0.38095238095238093,
    0.45751633986928103,
    0.45751633986928103,
    0.5263157894736842,
    0.5263157894736842,
    0.5357142857142857,
    0.5357142857142857,
    0.5362318840579711,
    0.5362318840579711,
    0.5370370370370371,
    0.5370370370370371,
    1.0
  ],
  "metricsBefore": {
    "brier": 0.26165,
    "logLoss": 0.729089
  },
  "metricsAfter": {
    "brier": 0.24435,
    "logLoss": 0.681467
  }
}