{
  "createdAt": "2026-04-17T17:31:05Z",
  "modelVersion": "afl-disp-20260417-173044",
  "method": "isotonic",
  "sampleCount": 246,
  "xThresholds": [
    0.04691419942993935,
    0.10024356221071229,
    0.13950393043370324,
    0.16536798815544662,
    0.1824375003173846,
    0.19103568284925432,
    0.3194887829412554,
    0.3197622047835622,
    0.443916716014251,
    0.4440264784956488,
    0.7634178796618805,
    0.7841917755134089,
    0.8022778509305202
  ],
  "yThresholds": [
    0.0,
    0.16666666666666666,
    0.16666666666666666,
    0.25,
    0.25,
    0.28205128205128205,
    0.28205128205128205,
    0.3902439024390244,
    0.3902439024390244,
    0.44642857142857145,
    0.44642857142857145,
    1.0,
    1.0
  ],
  "metricsBefore": {
    "brier": 0.248912,
    "logLoss": 0.692328
  },
  "metricsAfter": {
    "brier": 0.230372,
    "logLoss": 0.650357
  }
}