{
  "createdAt": "2026-05-03T17:32:07Z",
  "modelVersion": "afl-disp-20260503-173139",
  "method": "isotonic",
  "sampleCount": 726,
  "xThresholds": [
    0.00018365825278665593,
    0.08590447192623896,
    0.09585845332889875,
    0.26584891276160816,
    0.26677237532604003,
    0.28800020879970534,
    0.28803158301017373,
    0.30928715924589156,
    0.3098504920448242,
    0.4311408383527262,
    0.4321010642091989,
    0.6435460779805872,
    0.6438666167268887,
    0.6722124810870027,
    0.6726404686386382,
    0.7282779742096781,
    0.7352337995551863,
    0.8067917810342984
  ],
  "yThresholds": [
    0.25,
    0.25,
    0.29245283018867924,
    0.29245283018867924,
    0.37037037037037035,
    0.37037037037037035,
    0.4166666666666667,
    0.4166666666666667,
    0.4555984555984556,
    0.4555984555984556,
    0.46184738955823296,
    0.46184738955823296,
    0.5384615384615384,
    0.5384615384615384,
    0.5833333333333334,
    0.5833333333333334,
    0.75,
    0.75
  ],
  "metricsBefore": {
    "brier": 0.253503,
    "logLoss": 0.71335
  },
  "metricsAfter": {
    "brier": 0.24025,
    "logLoss": 0.673139
  }
}