{
  "createdAt": "2026-05-24T12:00:31Z",
  "modelVersion": "afl-disp-20260524-120031",
  "method": "isotonic",
  "sampleCount": 1112,
  "xThresholds": [
    1.790780721755425e-05,
    0.011720760932560581,
    0.02239576129370946,
    0.08812379539952675,
    0.08850257841935116,
    0.23359258677175443,
    0.23422650730923422,
    0.36482138393456953,
    0.36546731420711476,
    0.380320209608232,
    0.38054829096445464,
    0.4161442281220824,
    0.4165131981950303,
    0.5755698290153617,
    0.5756972762779117,
    0.6558351498837163,
    0.6564869685747992,
    0.6711835843955646,
    0.6716348177140794,
    0.8257820609049413,
    0.8480268058606641,
    0.8923607747585652
  ],
  "yThresholds": [
    0.25,
    0.25,
    0.3333333333333333,
    0.3333333333333333,
    0.3582089552238806,
    0.3582089552238806,
    0.4212218649517685,
    0.4212218649517685,
    0.44680851063829785,
    0.44680851063829785,
    0.4519230769230769,
    0.4519230769230769,
    0.48476454293628807,
    0.48476454293628807,
    0.4864864864864865,
    0.4864864864864865,
    0.5,
    0.5,
    0.509090909090909,
    0.509090909090909,
    1.0,
    1.0
  ],
  "metricsBefore": {
    "brier": 0.263372,
    "logLoss": 0.739522
  },
  "metricsAfter": {
    "brier": 0.24444,
    "logLoss": 0.681565
  }
}