{
  "createdAt": "2026-06-20T12:27:03Z",
  "modelVersion": "afl-disp-20260620-122702",
  "method": "isotonic",
  "sampleCount": 1008,
  "xThresholds": [
    0.00027846030446210257,
    0.0006397658719932142,
    0.0006662653023716825,
    0.026152941461101697,
    0.033192832599259536,
    0.04804427567418257,
    0.06767394951263794,
    0.1638598596904286,
    0.1649976227559844,
    0.18780296892574833,
    0.1882191589561495,
    0.45867170694753523,
    0.45890859335030754,
    0.5249924290229002,
    0.5251785524393335,
    0.5353379466035333,
    0.5360138600720696,
    0.6402771925691889,
    0.6406173761919355,
    0.6512314935356011,
    0.6519461382881885,
    0.8445199768877663,
    0.8560150459306811,
    0.8728753665767981
  ],
  "yThresholds": [
    0.0,
    0.0,
    0.2,
    0.2,
    0.25,
    0.25,
    0.35714285714285715,
    0.35714285714285715,
    0.42857142857142855,
    0.42857142857142855,
    0.44680851063829785,
    0.44680851063829785,
    0.47191011235955055,
    0.47191011235955055,
    0.5,
    0.5,
    0.5097087378640777,
    0.5097087378640777,
    0.5555555555555556,
    0.5555555555555556,
    0.5714285714285714,
    0.5714285714285714,
    1.0,
    1.0
  ],
  "metricsBefore": {
    "brier": 0.262298,
    "logLoss": 0.729595
  },
  "metricsAfter": {
    "brier": 0.245603,
    "logLoss": 0.683286
  }
}