{
  "createdAt": "2026-06-10T14:21:44Z",
  "modelVersion": "afl-disp-20260610-142143",
  "method": "isotonic",
  "sampleCount": 1190,
  "xThresholds": [
    1.7632033585845974e-05,
    0.011358680105616248,
    0.021196915616617518,
    0.08283948126004481,
    0.08551661766731034,
    0.23134857104211837,
    0.23168652250462785,
    0.5827462314122546,
    0.5835362318438015,
    0.6335863287575161,
    0.633897215890505,
    0.754956638377249,
    0.7594406283350579,
    0.7935026048682265,
    0.8303760356553411
  ],
  "yThresholds": [
    0.16666666666666666,
    0.16666666666666666,
    0.3333333333333333,
    0.3333333333333333,
    0.3888888888888889,
    0.3888888888888889,
    0.45300113250283125,
    0.45300113250283125,
    0.45588235294117646,
    0.45588235294117646,
    0.5375,
    0.5375,
    0.625,
    0.625,
    1.0
  ],
  "metricsBefore": {
    "brier": 0.268548,
    "logLoss": 0.751423
  },
  "metricsAfter": {
    "brier": 0.245552,
    "logLoss": 0.683941
  }
}