{
  "createdAt": "2026-06-22T20:10:58Z",
  "modelVersion": "afl-disp-20260622-200959",
  "method": "isotonic",
  "sampleCount": 1112,
  "xThresholds": [
    0.00026086117114831886,
    0.0002687766446294315,
    0.11606517018483797,
    0.1202058358075293,
    0.12853053592743557,
    0.14230578458317178,
    0.2696474904794719,
    0.2701057872250372,
    0.5245230202221363,
    0.5249714942122898,
    0.6749350927109286,
    0.675849163551261,
    0.8173566287586858,
    0.8229115830646692,
    0.832286884675101,
    0.9160126270641595
  ],
  "yThresholds": [
    0.0,
    0.19047619047619047,
    0.19047619047619047,
    0.42857142857142855,
    0.42857142857142855,
    0.4571428571428571,
    0.4571428571428571,
    0.4621212121212121,
    0.4621212121212121,
    0.520754716981132,
    0.520754716981132,
    0.5624999999999999,
    0.5624999999999999,
    0.75,
    0.75,
    1.0
  ],
  "metricsBefore": {
    "brier": 0.265432,
    "logLoss": 0.73961
  },
  "metricsAfter": {
    "brier": 0.246188,
    "logLoss": 0.684875
  }
}