{
  "createdAt": "2026-05-27T14:26:08Z",
  "modelVersion": "afl-disp-20260527-142607",
  "method": "isotonic",
  "sampleCount": 1159,
  "xThresholds": [
    0.00010611602737209402,
    0.06527974058912178,
    0.0659736108182436,
    0.13215139305495327,
    0.1324207308471379,
    0.13738367316883782,
    0.13753887548446353,
    0.17049217552665819,
    0.17114141389416382,
    0.2035196332471949,
    0.20377409715291317,
    0.284943859870996,
    0.28499651532809656,
    0.39351191122672124,
    0.3941253481869056,
    0.5967276019745511,
    0.5970793825895563,
    0.6022376123684501,
    0.6023646013955207,
    0.8388571898524223,
    0.8539228238076572
  ],
  "yThresholds": [
    0.14285714285714285,
    0.14285714285714285,
    0.19047619047619047,
    0.19047619047619047,
    0.25,
    0.25,
    0.2857142857142857,
    0.2857142857142857,
    0.375,
    0.375,
    0.42567567567567566,
    0.42567567567567566,
    0.45645645645645644,
    0.45645645645645644,
    0.4594594594594595,
    0.4594594594594595,
    0.5,
    0.5,
    0.5408163265306123,
    0.5408163265306123,
    1.0
  ],
  "metricsBefore": {
    "brier": 0.261452,
    "logLoss": 0.72713
  },
  "metricsAfter": {
    "brier": 0.243448,
    "logLoss": 0.679333
  }
}