{
  "createdAt": "2026-04-30T18:08:00Z",
  "modelVersion": "afl-disp-20260430-180714",
  "method": "isotonic",
  "sampleCount": 582,
  "xThresholds": [
    0.025096666556520097,
    0.09453664035550968,
    0.1022466285673822,
    0.2871222182664994,
    0.28720412164762676,
    0.3229354653714589,
    0.32378289986312725,
    0.4976838975094676,
    0.4982854774018449,
    0.6229754029904147,
    0.6288315874313366,
    0.7327714694254297,
    0.7412078351760507,
    0.776714971661913
  ],
  "yThresholds": [
    0.0,
    0.0,
    0.3368421052631579,
    0.3368421052631579,
    0.4222222222222222,
    0.4222222222222222,
    0.47474747474747475,
    0.47474747474747475,
    0.5098039215686274,
    0.5098039215686274,
    0.5294117647058824,
    0.5294117647058824,
    1.0,
    1.0
  ],
  "metricsBefore": {
    "brier": 0.257383,
    "logLoss": 0.712105
  },
  "metricsAfter": {
    "brier": 0.240928,
    "logLoss": 0.671851
  }
}