{
  "createdAt": "2026-05-21T18:37:07Z",
  "modelVersion": "afl-disp-20260521-183602",
  "method": "isotonic",
  "sampleCount": 1072,
  "xThresholds": [
    0.0001617258709696312,
    0.04052402852010273,
    0.0453682100143834,
    0.16224072770481457,
    0.1627631604122335,
    0.2784548904209079,
    0.27969511240574985,
    0.2988192466113717,
    0.2988578244233613,
    0.3093044968476215,
    0.3096192623652545,
    0.5455866327757619,
    0.5456012290951899,
    0.6102109941794288,
    0.6103148015962507,
    0.7887364430014006,
    0.7967083904165135,
    0.8020724949263696
  ],
  "yThresholds": [
    0.2,
    0.2,
    0.2857142857142857,
    0.2857142857142857,
    0.3382352941176471,
    0.3382352941176471,
    0.3469387755102041,
    0.3469387755102041,
    0.45,
    0.45,
    0.46348733233979145,
    0.46348733233979145,
    0.5256410256410257,
    0.5256410256410257,
    0.5294117647058824,
    0.5294117647058824,
    0.6666666666666666,
    0.6666666666666666
  ],
  "metricsBefore": {
    "brier": 0.256826,
    "logLoss": 0.717683
  },
  "metricsAfter": {
    "brier": 0.242329,
    "logLoss": 0.677466
  }
}