{
  "createdAt": "2026-05-23T11:58:55Z",
  "modelVersion": "afl-disp-20260523-115854",
  "method": "isotonic",
  "sampleCount": 1076,
  "xThresholds": [
    8.768077676346575e-05,
    0.09452458357777038,
    0.09693260465841425,
    0.18555239098179066,
    0.19037867813387366,
    0.23841393904530328,
    0.23878211940803773,
    0.3308980089292912,
    0.33108968681412754,
    0.483822023812723,
    0.48404583398948076,
    0.6560495605693992,
    0.6570506973652198,
    0.8526080808961971,
    0.8834988647799463,
    0.8852169201947784
  ],
  "yThresholds": [
    0.16666666666666666,
    0.16666666666666666,
    0.2698412698412698,
    0.2698412698412698,
    0.3142857142857143,
    0.3142857142857143,
    0.43564356435643564,
    0.43564356435643564,
    0.4748858447488584,
    0.4748858447488584,
    0.49107142857142855,
    0.49107142857142855,
    0.5076923076923077,
    0.5076923076923077,
    1.0,
    1.0
  ],
  "metricsBefore": {
    "brier": 0.260143,
    "logLoss": 0.725506
  },
  "metricsAfter": {
    "brier": 0.241896,
    "logLoss": 0.676
  }
}