{
  "createdAt": "2026-06-07T18:04:10Z",
  "modelVersion": "afl-disp-20260607-180253",
  "method": "isotonic",
  "sampleCount": 1277,
  "xThresholds": [
    0.00014917488537369294,
    0.020528061254189267,
    0.03623520175381523,
    0.09372034081734126,
    0.09521184229094648,
    0.10088450632187396,
    0.10590923391518303,
    0.22552075264387128,
    0.22616054314587164,
    0.2831504914063223,
    0.28324395904547806,
    0.5171187612768635,
    0.5174034034439241,
    0.5626059930714629,
    0.5628214624362521,
    0.5667552312591997,
    0.5670447568639759,
    0.6235378138064526,
    0.6235471510921112,
    0.7520551312237673,
    0.7536177844443233,
    0.8054936573380856,
    0.8824869388400812
  ],
  "yThresholds": [
    0.16666666666666666,
    0.16666666666666666,
    0.2222222222222222,
    0.2222222222222222,
    0.25,
    0.25,
    0.3888888888888889,
    0.3888888888888889,
    0.39215686274509803,
    0.39215686274509803,
    0.4558629776021082,
    0.4558629776021082,
    0.45794392523364486,
    0.45794392523364486,
    0.5,
    0.5,
    0.5222222222222223,
    0.5222222222222223,
    0.5249999999999998,
    0.5249999999999998,
    0.5714285714285714,
    0.5714285714285714,
    1.0
  ],
  "metricsBefore": {
    "brier": 0.262952,
    "logLoss": 0.731
  },
  "metricsAfter": {
    "brier": 0.245162,
    "logLoss": 0.683105
  }
}