{
  "createdAt": "2026-04-24T17:46:38Z",
  "modelVersion": "afl-disp-20260424-174616",
  "method": "isotonic",
  "sampleCount": 412,
  "xThresholds": [
    0.03694109841737525,
    0.057366050091461895,
    0.234696743059564,
    0.23948146737117937,
    0.29410283206441434,
    0.2944456405285669,
    0.3248420398248011,
    0.325213380922605,
    0.440843953809521,
    0.4409244080551865,
    0.5456665960329091,
    0.5457671854181088,
    0.5590103104138892,
    0.560404914344472,
    0.722267216871627,
    0.8017521282622008
  ],
  "yThresholds": [
    0.0,
    0.2702702702702703,
    0.2702702702702703,
    0.375,
    0.375,
    0.38461538461538464,
    0.38461538461538464,
    0.42857142857142855,
    0.42857142857142855,
    0.4766355140186916,
    0.4766355140186916,
    0.5,
    0.5,
    0.5357142857142858,
    0.5357142857142858,
    1.0
  ],
  "metricsBefore": {
    "brier": 0.251119,
    "logLoss": 0.699993
  },
  "metricsAfter": {
    "brier": 0.239944,
    "logLoss": 0.671679
  }
}