{
  "createdAt": "2026-05-15T18:16:43Z",
  "modelVersion": "afl-disp-20260515-181530",
  "method": "isotonic",
  "sampleCount": 934,
  "xThresholds": [
    0.00012201199814887431,
    0.04765669805245576,
    0.04961834099742268,
    0.12453892573343428,
    0.12912129336077327,
    0.17966893092411684,
    0.18000513294384568,
    0.26694330840513303,
    0.26745049292070666,
    0.28722373117627276,
    0.2876058344954522,
    0.309122583922088,
    0.3094553515200401,
    0.3140108275791218,
    0.3147913406479177,
    0.47919468717017355,
    0.47971983809841257,
    0.6495987591859756,
    0.6507439630159727,
    0.6578906863358023,
    0.6592258162061511,
    0.7522680339183806,
    0.788181401049117,
    0.8305847371133437
  ],
  "yThresholds": [
    0.25,
    0.25,
    0.2727272727272727,
    0.2727272727272727,
    0.2916666666666667,
    0.2916666666666667,
    0.30434782608695654,
    0.30434782608695654,
    0.34210526315789475,
    0.34210526315789475,
    0.40384615384615385,
    0.40384615384615385,
    0.45454545454545453,
    0.45454545454545453,
    0.4759725400457666,
    0.4759725400457666,
    0.48,
    0.48,
    0.5,
    0.5,
    0.5862068965517241,
    0.5862068965517241,
    0.6666666666666666,
    0.6666666666666666
  ],
  "metricsBefore": {
    "brier": 0.255932,
    "logLoss": 0.715919
  },
  "metricsAfter": {
    "brier": 0.241998,
    "logLoss": 0.676751
  }
}