{
  "createdAt": "2026-04-30T12:14:36Z",
  "modelVersion": "afl-disp-20260430-121435",
  "method": "isotonic",
  "sampleCount": 556,
  "xThresholds": [
    0.019220777163177605,
    0.09298069503186068,
    0.1045314663662964,
    0.20225241011797412,
    0.2036441447068824,
    0.2427529605374278,
    0.24385741309813924,
    0.2814719522232635,
    0.28211197371134633,
    0.3641337386975688,
    0.36467297084033445,
    0.36851613148626483,
    0.36913466578971366,
    0.41911283846850933,
    0.4195339861547772,
    0.5898526541505631,
    0.5905231297373914,
    0.6929231291541933,
    0.6941547909426546,
    0.8671644948481845,
    0.9073855300383593
  ],
  "yThresholds": [
    0.0,
    0.0,
    0.2727272727272727,
    0.2727272727272727,
    0.28,
    0.28,
    0.34375,
    0.34375,
    0.3870967741935484,
    0.3870967741935484,
    0.4,
    0.4,
    0.4666666666666667,
    0.4666666666666667,
    0.5049504950495048,
    0.5049504950495048,
    0.5178571428571429,
    0.5178571428571429,
    0.6666666666666666,
    0.6666666666666666,
    1.0
  ],
  "metricsBefore": {
    "brier": 0.249901,
    "logLoss": 0.69536
  },
  "metricsAfter": {
    "brier": 0.237912,
    "logLoss": 0.666736
  }
}