{
  "createdAt": "2026-04-10T11:45:21Z",
  "modelVersion": "afl-disp-20260410-114521",
  "method": "isotonic",
  "sampleCount": 118,
  "xThresholds": [
    0.08635330716040124,
    0.13010445000980664,
    0.1415170284009435,
    0.28947072785105865,
    0.2900261993320037,
    0.38895524997375974,
    0.39036691069720697,
    0.6976775559065883
  ],
  "yThresholds": [
    0.0,
    0.0,
    0.3125,
    0.3125,
    0.375,
    0.375,
    0.4342105263157895,
    0.4342105263157895
  ],
  "metricsBefore": {
    "brier": 0.25774,
    "logLoss": 0.712958
  },
  "metricsAfter": {
    "brier": 0.23503,
    "logLoss": 0.659613
  }
}