{
  "createdAt": "2026-05-10T11:49:04Z",
  "modelVersion": "afl-disp-20260510-114902",
  "method": "isotonic",
  "sampleCount": 869,
  "xThresholds": [
    0.00011650761369930152,
    0.22058488793633624,
    0.22059381125883548,
    0.2976512348960888,
    0.29833354670500345,
    0.35785670208997256,
    0.35822147183489095,
    0.3955964690744488,
    0.39653376894747905,
    0.44120757809694255,
    0.4412976346714108,
    0.7027185253184355,
    0.7095502637358111,
    0.8496929206610453,
    0.87751024657974
  ],
  "yThresholds": [
    0.2708333333333333,
    0.2708333333333333,
    0.3879310344827586,
    0.3879310344827586,
    0.40476190476190477,
    0.40476190476190477,
    0.4157303370786517,
    0.4157303370786517,
    0.4774774774774775,
    0.4774774774774775,
    0.5000000000000002,
    0.5000000000000002,
    0.5555555555555556,
    0.5555555555555556,
    1.0
  ],
  "metricsBefore": {
    "brier": 0.253419,
    "logLoss": 0.713059
  },
  "metricsAfter": {
    "brier": 0.240063,
    "logLoss": 0.672554
  }
}