{
  "createdAt": "2026-05-13T13:09:34Z",
  "modelVersion": "afl-disp-20260513-130933",
  "method": "isotonic",
  "sampleCount": 908,
  "xThresholds": [
    0.00014433151169457314,
    0.05291743475680144,
    0.0724540960413057,
    0.19402516067583664,
    0.19402520102243392,
    0.304010364986641,
    0.304342547769584,
    0.30769936940731357,
    0.30776619034902275,
    0.3233021479068474,
    0.3234022853126207,
    0.4048387551879268,
    0.4056407595081146,
    0.4288738886724438,
    0.4289222938288718,
    0.5734987505203888,
    0.573569788459245,
    0.7093489609582466,
    0.7102476788219637,
    0.7611472902408867,
    0.7639843999150924,
    0.7767212023247905,
    0.8033699968306653,
    0.8610823189156867
  ],
  "yThresholds": [
    0.2,
    0.2,
    0.2835820895522388,
    0.2835820895522388,
    0.33742331288343563,
    0.33742331288343563,
    0.4,
    0.4,
    0.41935483870967744,
    0.41935483870967744,
    0.4786729857819904,
    0.4786729857819904,
    0.4788732394366197,
    0.4788732394366197,
    0.48559670781893005,
    0.48559670781893005,
    0.5053763440860213,
    0.5053763440860213,
    0.6153846153846154,
    0.6153846153846154,
    0.6666666666666666,
    0.6666666666666666,
    1.0,
    1.0
  ],
  "metricsBefore": {
    "brier": 0.253595,
    "logLoss": 0.711941
  },
  "metricsAfter": {
    "brier": 0.239719,
    "logLoss": 0.671459
  }
}