{
  "createdAt": "2026-06-20T18:10:15Z",
  "modelVersion": "afl-disp-20260620-180917",
  "method": "isotonic",
  "sampleCount": 1074,
  "xThresholds": [
    0.00030029106209039647,
    0.0004165864207450465,
    0.09732480537033217,
    0.10993779913048296,
    0.1512301131677839,
    0.1526360415893273,
    0.2739094004532119,
    0.27506919229876514,
    0.5218927658169652,
    0.5221394949942368,
    0.5575132883065023,
    0.5576658592043755,
    0.6641848120790274,
    0.6653153747287139,
    0.8283444507737578,
    0.8320226126595953,
    0.9006039150026117
  ],
  "yThresholds": [
    0.0,
    0.14285714285714285,
    0.14285714285714285,
    0.38461538461538464,
    0.38461538461538464,
    0.41747572815533995,
    0.41747572815533995,
    0.4610687022900765,
    0.4610687022900765,
    0.5308641975308643,
    0.5308641975308643,
    0.5324675324675324,
    0.5324675324675324,
    0.6078431372549019,
    0.6078431372549019,
    1.0,
    1.0
  ],
  "metricsBefore": {
    "brier": 0.262065,
    "logLoss": 0.727482
  },
  "metricsAfter": {
    "brier": 0.245125,
    "logLoss": 0.682474
  }
}