{
  "createdAt": "2026-06-08T14:47:45Z",
  "modelVersion": "afl-disp-20260608-144743",
  "method": "isotonic",
  "sampleCount": 1219,
  "xThresholds": [
    7.193854879616879e-05,
    0.015023796504755715,
    0.032381390894725026,
    0.12493861902790049,
    0.12696996375634728,
    0.20982010446341037,
    0.2099794957561958,
    0.2204965326665047,
    0.2207990744200521,
    0.456997553609497,
    0.45727545259050206,
    0.525567153016818,
    0.5260865620787921,
    0.5980317409636072,
    0.5983877633434755,
    0.8048174947647523,
    0.8538627386196738,
    0.8593361407572717
  ],
  "yThresholds": [
    0.16666666666666666,
    0.16666666666666666,
    0.30434782608695654,
    0.30434782608695654,
    0.313953488372093,
    0.313953488372093,
    0.4230769230769231,
    0.4230769230769231,
    0.45331325301204817,
    0.45331325301204817,
    0.4635416666666667,
    0.4635416666666667,
    0.4857142857142857,
    0.4857142857142857,
    0.5217391304347826,
    0.5217391304347826,
    1.0,
    1.0
  ],
  "metricsBefore": {
    "brier": 0.262444,
    "logLoss": 0.731686
  },
  "metricsAfter": {
    "brier": 0.244294,
    "logLoss": 0.681154
  }
}