{
  "createdAt": "2026-04-23T11:59:03Z",
  "modelVersion": "afl-disp-20260423-115902",
  "method": "isotonic",
  "sampleCount": 396,
  "xThresholds": [
    0.02260980301407467,
    0.11199956027197677,
    0.11870555167383046,
    0.23298636622820434,
    0.23341531572686347,
    0.2452704709537873,
    0.24633347670007322,
    0.2658151472639796,
    0.26609401323325954,
    0.29669982182692756,
    0.2977999958837949,
    0.31119730657357003,
    0.316448253027226,
    0.33723804021671566,
    0.3377833572813038,
    0.4062910928424872,
    0.40629565777994703,
    0.6532071563945202,
    0.656815144267747,
    0.7525267911247637,
    0.8494123052052232
  ],
  "yThresholds": [
    0.0,
    0.0,
    0.21621621621621623,
    0.21621621621621623,
    0.25,
    0.25,
    0.35294117647058826,
    0.35294117647058826,
    0.3684210526315789,
    0.3684210526315789,
    0.375,
    0.375,
    0.42105263157894735,
    0.42105263157894735,
    0.43956043956043955,
    0.43956043956043955,
    0.5108695652173914,
    0.5108695652173914,
    0.5384615384615384,
    0.5384615384615384,
    1.0
  ],
  "metricsBefore": {
    "brier": 0.249059,
    "logLoss": 0.692819
  },
  "metricsAfter": {
    "brier": 0.236002,
    "logLoss": 0.662146
  }
}