{
  "createdAt": "2026-06-15T16:15:25Z",
  "modelVersion": "afl-disp-20260615-161524",
  "method": "isotonic",
  "sampleCount": 1162,
  "xThresholds": [
    1.716672861218349e-05,
    0.007588696842167786,
    0.021001261915991165,
    0.08225745444541666,
    0.08527950514971439,
    0.23422920664819546,
    0.23425848636854552,
    0.2401024005329515,
    0.241227591254895,
    0.5516591804683365,
    0.5518743786390099,
    0.5797256432653043,
    0.5811087832704399,
    0.639511884740096,
    0.6406315165958337,
    0.774192034251757,
    0.7793387651403103,
    0.8244752248268894
  ],
  "yThresholds": [
    0.2857142857142857,
    0.2857142857142857,
    0.3333333333333333,
    0.3333333333333333,
    0.3826086956521739,
    0.3826086956521739,
    0.4166666666666667,
    0.4166666666666667,
    0.45616264294790343,
    0.45616264294790343,
    0.4642857142857143,
    0.4642857142857143,
    0.5058823529411764,
    0.5058823529411764,
    0.5324675324675324,
    0.5324675324675324,
    1.0,
    1.0
  ],
  "metricsBefore": {
    "brier": 0.267853,
    "logLoss": 0.754978
  },
  "metricsAfter": {
    "brier": 0.24592,
    "logLoss": 0.684587
  }
}