{
  "createdAt": "2026-06-26T13:09:42Z",
  "modelVersion": "afl-disp-20260626-130940",
  "method": "isotonic",
  "sampleCount": 1016,
  "xThresholds": [
    0.00030417275803884536,
    0.0007567219842279371,
    0.05638962664766156,
    0.06035664038558708,
    0.15449547898193328,
    0.15455008831300943,
    0.19599848110993023,
    0.196638989883133,
    0.5435309569115462,
    0.5439259834389465,
    0.554512441606956,
    0.555574270589996,
    0.5642050318604976,
    0.5642947035461736,
    0.5646432458283346,
    0.5646916740464664,
    0.6724857608347917,
    0.6731850688201512,
    0.7651377852969431,
    0.7670096617526343,
    0.7900907252451539,
    0.7930529910205562,
    0.8568934413281818
  ],
  "yThresholds": [
    0.0,
    0.25,
    0.25,
    0.3611111111111111,
    0.3611111111111111,
    0.4074074074074074,
    0.4074074074074074,
    0.465954606141522,
    0.465954606141522,
    0.4666666666666667,
    0.4666666666666667,
    0.47058823529411764,
    0.47058823529411764,
    0.5,
    0.5,
    0.5384615384615385,
    0.5384615384615385,
    0.65625,
    0.65625,
    0.75,
    0.75,
    1.0,
    1.0
  ],
  "metricsBefore": {
    "brier": 0.266773,
    "logLoss": 0.743429
  },
  "metricsAfter": {
    "brier": 0.245298,
    "logLoss": 0.682676
  }
}