{
  "createdAt": "2026-06-07T12:19:38Z",
  "modelVersion": "afl-disp-20260607-121936",
  "method": "isotonic",
  "sampleCount": 1231,
  "xThresholds": [
    4.772228211002982e-05,
    0.019441672343061156,
    0.029505996379008304,
    0.12483299877282117,
    0.12554079579413868,
    0.12582514456924043,
    0.12582817669087265,
    0.14073272173629525,
    0.14101540638010768,
    0.17431226889465812,
    0.17447783160068797,
    0.2760042987965794,
    0.2764075551007146,
    0.43630121241925746,
    0.43671333156900705,
    0.49637402963239285,
    0.4966314396497735,
    0.5819196596615969,
    0.5824771035304867,
    0.5827554237276005,
    0.5831040866879311,
    0.6672238033483995,
    0.6673375255663541,
    0.6987646990014439,
    0.7009349858766911,
    0.7918116071048864,
    0.8038870794968282,
    0.8755256302801507
  ],
  "yThresholds": [
    0.16666666666666666,
    0.16666666666666666,
    0.2972972972972973,
    0.2972972972972973,
    0.3333333333333333,
    0.3333333333333333,
    0.38461538461538464,
    0.38461538461538464,
    0.4,
    0.4,
    0.43575418994413406,
    0.43575418994413406,
    0.444,
    0.444,
    0.4594594594594595,
    0.4594594594594595,
    0.4642857142857143,
    0.4642857142857143,
    0.5,
    0.5,
    0.5168539325842697,
    0.5168539325842697,
    0.5384615384615384,
    0.5384615384615384,
    0.5769230769230769,
    0.5769230769230769,
    1.0,
    1.0
  ],
  "metricsBefore": {
    "brier": 0.266027,
    "logLoss": 0.742399
  },
  "metricsAfter": {
    "brier": 0.244837,
    "logLoss": 0.682314
  }
}