{
  "createdAt": "2026-04-13T12:02:00Z",
  "modelVersion": "afl-disp-20260413-120159",
  "method": "isotonic",
  "sampleCount": 231,
  "xThresholds": [
    0.024696999553331267,
    0.06387576334024936,
    0.09172176652509945,
    0.25196364775597135,
    0.2527044959753475,
    0.3131928447021275,
    0.31350356391928424,
    0.32332116674803113,
    0.32354292281721975,
    0.41680084898013026,
    0.41768314335479884,
    0.44649934030226246,
    0.45315161282295924,
    0.6495193608503962,
    0.6522920095407004,
    0.7725664613947839,
    0.8460683110610951
  ],
  "yThresholds": [
    0.0,
    0.0,
    0.12,
    0.12,
    0.28,
    0.28,
    0.3333333333333333,
    0.3333333333333333,
    0.40625,
    0.40625,
    0.45454545454545453,
    0.45454545454545453,
    0.47368421052631576,
    0.47368421052631576,
    0.5,
    0.5,
    1.0
  ],
  "metricsBefore": {
    "brier": 0.236144,
    "logLoss": 0.664214
  },
  "metricsAfter": {
    "brier": 0.222306,
    "logLoss": 0.630776
  }
}