{
  "createdAt": "2026-04-29T12:16:44Z",
  "modelVersion": "afl-disp-20260429-121643",
  "method": "isotonic",
  "sampleCount": 556,
  "xThresholds": [
    0.010921581824299142,
    0.012301958101581745,
    0.023373611379527315,
    0.0957776837198564,
    0.10082651255530561,
    0.2682594892378869,
    0.26884014384466093,
    0.3428367346068393,
    0.3429975747927374,
    0.393741274577858,
    0.3950763728965073,
    0.6814125688369875,
    0.6920965667793815,
    0.825638334711333,
    0.8921455242922305
  ],
  "yThresholds": [
    0.0,
    0.0,
    0.2857142857142857,
    0.2857142857142857,
    0.36,
    0.36,
    0.3655913978494624,
    0.3655913978494624,
    0.42168674698795183,
    0.42168674698795183,
    0.5180722891566265,
    0.5180722891566265,
    0.5714285714285714,
    0.5714285714285714,
    1.0
  ],
  "metricsBefore": {
    "brier": 0.259085,
    "logLoss": 0.722115
  },
  "metricsAfter": {
    "brier": 0.240272,
    "logLoss": 0.672431
  }
}