{
  "createdAt": "2026-06-19T14:00:59Z",
  "modelVersion": "afl-disp-20260619-140057",
  "method": "isotonic",
  "sampleCount": 1110,
  "xThresholds": [
    0.0003552009443560378,
    0.000660840279840258,
    0.05177422830940959,
    0.05444126417396111,
    0.22877820662471915,
    0.2296002804488284,
    0.5239902789686075,
    0.5263713928012737,
    0.7184777885696393,
    0.7205031429744437,
    0.8150431429504723,
    0.81603378457699,
    0.8477368460040453
  ],
  "yThresholds": [
    0.0,
    0.1111111111111111,
    0.1111111111111111,
    0.3522727272727273,
    0.3522727272727273,
    0.44,
    0.44,
    0.5261324041811847,
    0.5261324041811847,
    0.5714285714285714,
    0.5714285714285714,
    1.0,
    1.0
  ],
  "metricsBefore": {
    "brier": 0.259942,
    "logLoss": 0.723639
  },
  "metricsAfter": {
    "brier": 0.243374,
    "logLoss": 0.678622
  }
}