{
  "createdAt": "2026-05-19T13:55:32Z",
  "modelVersion": "afl-disp-20260519-135531",
  "method": "isotonic",
  "sampleCount": 1049,
  "xThresholds": [
    8.961809252550079e-05,
    0.06361572636993507,
    0.07614465247613866,
    0.18977037842928868,
    0.19003158459301783,
    0.274719713694646,
    0.2750732237371828,
    0.2804629512737983,
    0.2810798468089982,
    0.2893506920543234,
    0.28994017717003184,
    0.37044565403690766,
    0.37064163352069557,
    0.38287144358978153,
    0.38289389151565434,
    0.5470510018543618,
    0.5471567661843988,
    0.6572679728828914,
    0.658553932978416,
    0.8084504999335704,
    0.8507168987714465,
    0.8525119714292407
  ],
  "yThresholds": [
    0.2,
    0.2,
    0.2835820895522388,
    0.2835820895522388,
    0.32231404958677684,
    0.32231404958677684,
    0.4166666666666667,
    0.4166666666666667,
    0.44,
    0.44,
    0.44878048780487806,
    0.44878048780487806,
    0.4594594594594595,
    0.4594594594594595,
    0.47880299251870323,
    0.47880299251870323,
    0.5039370078740157,
    0.5039370078740157,
    0.5106382978723404,
    0.5106382978723404,
    1.0,
    1.0
  ],
  "metricsBefore": {
    "brier": 0.256168,
    "logLoss": 0.716881
  },
  "metricsAfter": {
    "brier": 0.241547,
    "logLoss": 0.675444
  }
}