{
  "createdAt": "2026-06-26T18:27:22Z",
  "modelVersion": "afl-disp-20260626-182600",
  "method": "isotonic",
  "sampleCount": 1039,
  "xThresholds": [
    0.000275792738866687,
    0.00031183980634919006,
    0.11844965859274281,
    0.11875437636594122,
    0.2811768238168184,
    0.2832769401375289,
    0.5218959298045783,
    0.5221196044653568,
    0.5223445767782106,
    0.5226775696203891,
    0.7462302281409712,
    0.7468443530633176,
    0.8215638267314397,
    0.8261370806291459,
    0.8959890121386092
  ],
  "yThresholds": [
    0.0,
    0.21052631578947367,
    0.21052631578947367,
    0.46218487394957986,
    0.46218487394957986,
    0.4652665589660744,
    0.4652665589660744,
    0.5,
    0.5,
    0.5265151515151515,
    0.5265151515151515,
    0.6153846153846154,
    0.6153846153846154,
    1.0,
    1.0
  ],
  "metricsBefore": {
    "brier": 0.266391,
    "logLoss": 0.742711
  },
  "metricsAfter": {
    "brier": 0.246518,
    "logLoss": 0.685422
  }
}