{
  "createdAt": "2026-05-28T19:06:54Z",
  "modelVersion": "afl-disp-20260528-190521",
  "method": "isotonic",
  "sampleCount": 1181,
  "xThresholds": [
    0.00016697236819029904,
    0.038279300589666665,
    0.04574213631464308,
    0.2682146371845411,
    0.2703872468382469,
    0.30568293649127487,
    0.3058563655991584,
    0.5306005636440687,
    0.5308536468723435,
    0.675273926511738,
    0.6801002900505738,
    0.8263996871560315
  ],
  "yThresholds": [
    0.14285714285714285,
    0.14285714285714285,
    0.32926829268292684,
    0.32926829268292684,
    0.42168674698795183,
    0.42168674698795183,
    0.4613220815752461,
    0.4613220815752461,
    0.5347593582887701,
    0.5347593582887701,
    0.5517241379310345,
    0.5517241379310345
  ],
  "metricsBefore": {
    "brier": 0.258782,
    "logLoss": 0.722036
  },
  "metricsAfter": {
    "brier": 0.243607,
    "logLoss": 0.680026
  }
}