{
  "createdAt": "2026-06-05T13:52:24Z",
  "modelVersion": "afl-disp-20260605-135222",
  "method": "isotonic",
  "sampleCount": 1199,
  "xThresholds": [
    6.003664350129334e-05,
    0.02311486658521056,
    0.03752448255097551,
    0.12950765328040004,
    0.13202075981154449,
    0.14456319424743502,
    0.14501856718215744,
    0.15091912566873888,
    0.15176480527869685,
    0.2575659518486637,
    0.2577622151885136,
    0.30606060662646006,
    0.3061733983998908,
    0.3429568676778596,
    0.3431604996254354,
    0.35643184533336114,
    0.35665835793259726,
    0.4346956898385298,
    0.43664996425664915,
    0.5592218283008407,
    0.5594056105247487,
    0.5945143171527022,
    0.5945880877230392,
    0.6149895574670603,
    0.6154775527055198,
    0.6612408088712332,
    0.6629782371948234,
    0.7071444316659761,
    0.7188253570772023,
    0.788153462728107,
    0.7898329510868942,
    0.8253806356467424,
    0.8271005086467296
  ],
  "yThresholds": [
    0.16666666666666666,
    0.16666666666666666,
    0.2727272727272727,
    0.2727272727272727,
    0.4,
    0.4,
    0.42857142857142855,
    0.42857142857142855,
    0.4340659340659341,
    0.4340659340659341,
    0.4375,
    0.4375,
    0.4476190476190477,
    0.4476190476190477,
    0.46153846153846156,
    0.46153846153846156,
    0.46387832699619774,
    0.46387832699619774,
    0.46785714285714286,
    0.46785714285714286,
    0.4772727272727273,
    0.4772727272727273,
    0.48,
    0.48,
    0.48484848484848486,
    0.48484848484848486,
    0.5238095238095238,
    0.5238095238095238,
    0.6428571428571429,
    0.6428571428571429,
    0.6666666666666666,
    0.6666666666666666,
    1.0
  ],
  "metricsBefore": {
    "brier": 0.266774,
    "logLoss": 0.743525
  },
  "metricsAfter": {
    "brier": 0.245415,
    "logLoss": 0.683588
  }
}