{
  "version": "afl-disp-20260403-134658",
  "createdAt": "2026-04-03T13:46:58Z",
  "modelType": "hgb",
  "metrics": {
    "baseline": {
      "mae": 4.201219137742856,
      "rmse": 5.336444111533824
    },
    "ridge": {
      "mae": 3.879317456763248,
      "rmse": 4.985688466264231
    },
    "hgb": {
      "mae": 3.863447588108748,
      "rmse": 4.978224815395122
    }
  }
}