{
  "createdAt": "2026-05-16T17:50:02Z",
  "modelVersion": "afl-disp-20260516-174901",
  "method": "isotonic",
  "sampleCount": 983,
  "xThresholds": [
    0.0002557097474152892,
    0.04410222490017923,
    0.04652028219002169,
    0.16638478255913292,
    0.16685064197233546,
    0.2761280133174453,
    0.27687115489037495,
    0.30643411879484383,
    0.3065655935141187,
    0.3129700408355782,
    0.31319946846568314,
    0.3171572938784828,
    0.31724307093003,
    0.5455540102357066,
    0.5457185261518338,
    0.5467208820889398,
    0.5473713859377144,
    0.7659438122183515,
    0.7695332221228832,
    0.8347751129599209
  ],
  "yThresholds": [
    0.2,
    0.2,
    0.24444444444444444,
    0.24444444444444444,
    0.34959349593495936,
    0.34959349593495936,
    0.36923076923076925,
    0.36923076923076925,
    0.3888888888888889,
    0.3888888888888889,
    0.42857142857142855,
    0.42857142857142855,
    0.4850615114235501,
    0.4850615114235501,
    0.5,
    0.5,
    0.5034482758620691,
    0.5034482758620691,
    0.75,
    0.75
  ],
  "metricsBefore": {
    "brier": 0.257402,
    "logLoss": 0.719135
  },
  "metricsAfter": {
    "brier": 0.241943,
    "logLoss": 0.676534
  }
}