{
  "createdAt": "2026-05-01T11:57:37Z",
  "modelVersion": "afl-disp-20260501-115737",
  "method": "isotonic",
  "sampleCount": 582,
  "xThresholds": [
    0.010930292889904214,
    0.012331464723279062,
    0.02342188541441914,
    0.09604015427440593,
    0.1007748841300149,
    0.34205928288917564,
    0.3429580635099617,
    0.39280021850545366,
    0.39419278766965027,
    0.691786775124457,
    0.7050206663919715,
    0.8254944197433216,
    0.8920342856366928
  ],
  "yThresholds": [
    0.0,
    0.0,
    0.2857142857142857,
    0.2857142857142857,
    0.37,
    0.37,
    0.43023255813953487,
    0.43023255813953487,
    0.5265151515151514,
    0.5265151515151514,
    0.5454545454545454,
    0.5454545454545454,
    1.0
  ],
  "metricsBefore": {
    "brier": 0.261878,
    "logLoss": 0.728639
  },
  "metricsAfter": {
    "brier": 0.241235,
    "logLoss": 0.674446
  }
}