{
  "version": "afl-disp-20260618-185721",
  "createdAt": "2026-06-18T18:58:49Z",
  "modelType": "rf",
  "metrics": {
    "baseline": {
      "mae": 4.201750502292915,
      "rmse": 5.336897246741264
    },
    "ridge": {
      "mae": 3.8482631685512647,
      "rmse": 4.931658913918008,
      "cv_mae": 3.9212690482170793,
      "cv_rmse": 5.028171513467077,
      "bestParams": {
        "alpha": 16.0
      }
    },
    "hgb": {
      "mae": 3.841599322973105,
      "rmse": 4.9315892956292835,
      "cv_mae": 3.9399603154601883,
      "cv_rmse": 5.0385649489110165,
      "bestParams": {
        "max_depth": 4,
        "learning_rate": 0.03,
        "max_iter": 220,
        "min_samples_leaf": 30
      }
    },
    "rf": {
      "mae": 3.830692994844318,
      "rmse": 4.915424060039608,
      "cv_mae": 3.951457817634252,
      "cv_rmse": 5.060196229828874,
      "bestParams": {
        "n_estimators": 500,
        "max_depth": 8,
        "min_samples_leaf": 6
      }
    }
  }
}