{
  "createdAt": "2026-05-12T13:04:27Z",
  "modelVersion": "afl-disp-20260512-130426",
  "method": "isotonic",
  "sampleCount": 908,
  "xThresholds": [
    0.00024345188488861247,
    0.09597310122739677,
    0.11570832402674436,
    0.17918983655576215,
    0.1801616709963043,
    0.18916875117275156,
    0.18942985361846731,
    0.19533568946776425,
    0.1967820692904576,
    0.3122517447652625,
    0.31269194491401753,
    0.3542673816366695,
    0.35432498201666474,
    0.40263281199318357,
    0.4027184771509046,
    0.4676596293963595,
    0.4678844354753272,
    0.4783083944307567,
    0.4786133396203409,
    0.6877712443112736,
    0.6883537429924107,
    0.6976579036083955,
    0.6987634339988896,
    0.7617758476849176,
    0.7628668229185052,
    0.8281929666899599,
    0.8638425818304836
  ],
  "yThresholds": [
    0.2222222222222222,
    0.2222222222222222,
    0.2631578947368421,
    0.2631578947368421,
    0.2857142857142857,
    0.2857142857142857,
    0.3333333333333333,
    0.3333333333333333,
    0.35947712418300654,
    0.35947712418300654,
    0.4523809523809524,
    0.4523809523809524,
    0.45985401459854014,
    0.45985401459854014,
    0.4785276073619632,
    0.4785276073619632,
    0.48148148148148145,
    0.48148148148148145,
    0.484375,
    0.484375,
    0.5,
    0.5,
    0.5454545454545454,
    0.5454545454545454,
    0.75,
    0.75,
    1.0
  ],
  "metricsBefore": {
    "brier": 0.253988,
    "logLoss": 0.711287
  },
  "metricsAfter": {
    "brier": 0.241295,
    "logLoss": 0.675047
  }
}