{
  "version": "afl-disp-20260626-182600",
  "createdAt": "2026-06-26T18:27:22Z",
  "modelType": "rf",
  "metrics": {
    "baseline": {
      "mae": 4.2016892362816565,
      "rmse": 5.336140534293816
    },
    "ridge": {
      "mae": 3.8509434880030375,
      "rmse": 4.932843285780231,
      "cv_mae": 3.9209696436794004,
      "cv_rmse": 5.027806699840593,
      "bestParams": {
        "alpha": 16.0
      }
    },
    "hgb": {
      "mae": 3.849937286732319,
      "rmse": 4.93760079374061,
      "cv_mae": 3.9298748724394734,
      "cv_rmse": 5.027323638278412,
      "bestParams": {
        "max_depth": 4,
        "learning_rate": 0.03,
        "max_iter": 220,
        "min_samples_leaf": 30
      }
    },
    "rf": {
      "mae": 3.8303394643480027,
      "rmse": 4.909232084082849,
      "cv_mae": 3.948690843117055,
      "cv_rmse": 5.056846411146439,
      "bestParams": {
        "n_estimators": 500,
        "max_depth": 8,
        "min_samples_leaf": 3
      }
    }
  }
}