{
  "version": "afl-disp-20260604-185125",
  "createdAt": "2026-06-04T18:52:36Z",
  "modelType": "rf",
  "metrics": {
    "baseline": {
      "mae": 4.196841520738514,
      "rmse": 5.331988175095759
    },
    "ridge": {
      "mae": 3.86786340490445,
      "rmse": 4.963745956774656,
      "cv_mae": 3.9333873837155244,
      "cv_rmse": 5.047034345805517,
      "bestParams": {
        "alpha": 16.0
      }
    },
    "hgb": {
      "mae": 3.8336975482578803,
      "rmse": 4.937163771633797,
      "cv_mae": 3.9566918232608708,
      "cv_rmse": 5.0683761555457725,
      "bestParams": {
        "max_depth": 4,
        "learning_rate": 0.03,
        "max_iter": 220,
        "min_samples_leaf": 30
      }
    },
    "rf": {
      "mae": 3.8293986810397165,
      "rmse": 4.909099907338095,
      "cv_mae": 3.970549115175519,
      "cv_rmse": 5.083389763101382,
      "bestParams": {
        "n_estimators": 500,
        "max_depth": 8,
        "min_samples_leaf": 1
      }
    }
  }
}