{
  "version": "afl-disp-20260524-120031",
  "createdAt": "2026-05-24T12:00:31Z",
  "modelType": "ridge",
  "metrics": {
    "baseline": {
      "mae": 4.198941991506872,
      "rmse": 5.331236452558489
    },
    "ridge": {
      "mae": 3.8493852629755034,
      "rmse": 4.93459485410027,
      "cv_mae": 3.9294811643291845,
      "cv_rmse": 5.026437720949582,
      "bestParams": {
        "alpha": 4.0
      }
    },
    "hgb": {
      "mae": 3.858251863938054,
      "rmse": 4.950899130480229,
      "cv_mae": 3.9537587847643714,
      "cv_rmse": 5.042471310183147,
      "bestParams": {
        "max_depth": 4,
        "learning_rate": 0.05,
        "max_iter": 220,
        "min_samples_leaf": 20
      }
    }
  }
}