{
  "version": "afl-disp-20260403-145105",
  "createdAt": "2026-04-03T14:51:05Z",
  "modelType": "hgb",
  "metrics": {
    "baseline": {
      "mae": 4.187537527117164,
      "rmse": 5.325175677624706
    },
    "ridge": {
      "mae": 3.862706044292779,
      "rmse": 4.964181485452595
    },
    "hgb": {
      "mae": 3.8076394737093615,
      "rmse": 4.900881895706215
    }
  }
}