{
  "version": "afl-disp-20260403-144353",
  "createdAt": "2026-04-03T14:43:53Z",
  "modelType": "hgb",
  "metrics": {
    "baseline": {
      "mae": 4.187537527117164,
      "rmse": 5.325175677624706
    },
    "ridge": {
      "mae": 3.862706044292769,
      "rmse": 4.96418148545259
    },
    "hgb": {
      "mae": 3.814651827031805,
      "rmse": 4.911073209758439
    }
  }
}