{
  "version": "afl-disp-20260403-143207",
  "createdAt": "2026-04-03T14:32:07Z",
  "modelType": "hgb",
  "metrics": {
    "baseline": {
      "mae": 4.187537527117164,
      "rmse": 5.325175677624706
    },
    "ridge": {
      "mae": 3.8627060442927705,
      "rmse": 4.96418148545259
    },
    "hgb": {
      "mae": 3.8100540103932015,
      "rmse": 4.905938595412772
    }
  }
}