{
  "createdAt": "2026-05-08T18:08:14Z",
  "modelVersion": "afl-disp-20260508-180722",
  "method": "isotonic",
  "sampleCount": 785,
  "xThresholds": [
    0.0001464281011114288,
    0.04326153459257698,
    0.05029665678308337,
    0.23895244364321822,
    0.23904935802845595,
    0.3003100820237208,
    0.3010357997106644,
    0.31059650031246555,
    0.3111817624789205,
    0.34193002435489117,
    0.3431265298977211,
    0.46233172414569657,
    0.46234072354913314,
    0.5610366725241246,
    0.5613634549177549,
    0.6507923052731156,
    0.6511571601363481,
    0.6873486947467389,
    0.6876238752824875,
    0.8083041908860266
  ],
  "yThresholds": [
    0.2,
    0.2,
    0.28735632183908044,
    0.28735632183908044,
    0.30434782608695654,
    0.30434782608695654,
    0.4117647058823529,
    0.4117647058823529,
    0.4507042253521127,
    0.4507042253521127,
    0.45289855072463764,
    0.45289855072463764,
    0.4794520547945205,
    0.4794520547945205,
    0.4918032786885246,
    0.4918032786885246,
    0.5238095238095238,
    0.5238095238095238,
    0.5555555555555556,
    0.5555555555555556
  ],
  "metricsBefore": {
    "brier": 0.250652,
    "logLoss": 0.707023
  },
  "metricsAfter": {
    "brier": 0.238626,
    "logLoss": 0.669743
  }
}