{
  "version": "afl-disp-20260606-120521",
  "createdAt": "2026-06-06T12:05:23Z",
  "modelType": "hgb",
  "metrics": {
    "baseline": {
      "mae": 4.19789124903507,
      "rmse": 5.332386134039514
    },
    "ridge": {
      "mae": 3.8465713556993135,
      "rmse": 4.93373878504802,
      "cv_mae": 3.927335577882582,
      "cv_rmse": 5.023357415488271,
      "bestParams": {
        "alpha": 4.0
      }
    },
    "hgb": {
      "mae": 3.83484355571314,
      "rmse": 4.929294604974824,
      "cv_mae": 3.9524810632703367,
      "cv_rmse": 5.039017716545131,
      "bestParams": {
        "max_depth": 4,
        "learning_rate": 0.05,
        "max_iter": 220,
        "min_samples_leaf": 20
      }
    }
  }
}