{
  "createdAt": "2026-04-12T11:32:58Z",
  "modelVersion": "afl-disp-20260412-113258",
  "method": "isotonic",
  "sampleCount": 184,
  "xThresholds": [
    0.022288108050060984,
    0.15847150786961195,
    0.15982717613327901,
    0.2667064758506972,
    0.26829645648729894,
    0.2756033389992838,
    0.27684726595755116,
    0.36127604752169507,
    0.3619471210982218,
    0.37767325628190174,
    0.38156999001277025,
    0.48892256823354974,
    0.4890270736437078,
    0.6640534413432362,
    0.6677353520961221,
    0.7673792157882522
  ],
  "yThresholds": [
    0.0,
    0.0,
    0.13636363636363635,
    0.13636363636363635,
    0.25,
    0.25,
    0.39473684210526316,
    0.39473684210526316,
    0.4166666666666667,
    0.4166666666666667,
    0.41818181818181815,
    0.41818181818181815,
    0.47619047619047616,
    0.47619047619047616,
    0.5,
    0.5
  ],
  "metricsBefore": {
    "brier": 0.242079,
    "logLoss": 0.676197
  },
  "metricsAfter": {
    "brier": 0.223883,
    "logLoss": 0.633949
  }
}