{
  "version": "afl-disp-20260521-141406",
  "createdAt": "2026-05-21T14:14:08Z",
  "modelType": "hgb",
  "metrics": {
    "baseline": {
      "mae": 4.197878875571731,
      "rmse": 5.33182539080035
    },
    "ridge": {
      "mae": 3.8465771035861036,
      "rmse": 4.936434108613452,
      "cv_mae": 3.929514721445931,
      "cv_rmse": 5.02665225459851,
      "bestParams": {
        "alpha": 4.0
      }
    },
    "hgb": {
      "mae": 3.846078711066927,
      "rmse": 4.942751381302186,
      "cv_mae": 3.9416013732721233,
      "cv_rmse": 5.030588370086083,
      "bestParams": {
        "max_depth": 4,
        "learning_rate": 0.05,
        "max_iter": 220,
        "min_samples_leaf": 20
      }
    }
  }
}