{
  "createdAt": "2026-06-11T19:36:41Z",
  "modelVersion": "afl-disp-20260611-193504",
  "method": "isotonic",
  "sampleCount": 1213,
  "xThresholds": [
    0.00017953350868360474,
    0.04480467972443125,
    0.045545069332601384,
    0.10435439884910547,
    0.1046122360247922,
    0.17300380827748185,
    0.17437313677607413,
    0.3082337527600617,
    0.30832841104118314,
    0.5357592401315481,
    0.5359660133714315,
    0.5361343709244507,
    0.5361381997468841,
    0.8081186568305674,
    0.8379257718573366,
    0.8945987277123758
  ],
  "yThresholds": [
    0.2,
    0.2,
    0.3,
    0.3,
    0.3235294117647059,
    0.3235294117647059,
    0.39805825242718446,
    0.39805825242718446,
    0.45161290322580644,
    0.45161290322580644,
    0.5,
    0.5,
    0.538135593220339,
    0.538135593220339,
    1.0,
    1.0
  ],
  "metricsBefore": {
    "brier": 0.259762,
    "logLoss": 0.728382
  },
  "metricsAfter": {
    "brier": 0.244219,
    "logLoss": 0.681075
  }
}