{
  "createdAt": "2026-05-06T12:27:40Z",
  "modelVersion": "afl-disp-20260506-122738",
  "method": "isotonic",
  "sampleCount": 750,
  "xThresholds": [
    0.00020669985752452824,
    0.17649203232744193,
    0.17739269893131404,
    0.2637250025175373,
    0.263764515773362,
    0.2699059810904245,
    0.26993519227067786,
    0.28421777359696665,
    0.28489596719903465,
    0.3968748475086862,
    0.39700911524119886,
    0.44794656157025714,
    0.4489383685567795,
    0.4637411920435347,
    0.4644269313141278,
    0.6694745649519028,
    0.6743308341044527,
    0.7145057763514888,
    0.7237896796123016,
    0.8019634131750399,
    0.8285563164372909
  ],
  "yThresholds": [
    0.2702702702702703,
    0.2702702702702703,
    0.28888888888888886,
    0.28888888888888886,
    0.3333333333333333,
    0.3333333333333333,
    0.35714285714285715,
    0.35714285714285715,
    0.43555555555555553,
    0.43555555555555553,
    0.4473684210526316,
    0.4473684210526316,
    0.4838709677419355,
    0.4838709677419355,
    0.49999999999999983,
    0.49999999999999983,
    0.5,
    0.5,
    0.5454545454545454,
    0.5454545454545454,
    1.0
  ],
  "metricsBefore": {
    "brier": 0.250837,
    "logLoss": 0.707927
  },
  "metricsAfter": {
    "brier": 0.239134,
    "logLoss": 0.670579
  }
}