{
  "version": "afl-disp-20260403-144912",
  "createdAt": "2026-04-03T14:49:12Z",
  "modelType": "hgb",
  "metrics": {
    "baseline": {
      "mae": 4.187537527117164,
      "rmse": 5.325175677624706
    },
    "ridge": {
      "mae": 3.8627060442927714,
      "rmse": 4.964181485452593
    },
    "hgb": {
      "mae": 3.824282674152918,
      "rmse": 4.9127264712607674
    }
  }
}