{
  "version": "afl-disp-20260403-134115",
  "createdAt": "2026-04-03T13:41:15Z",
  "modelType": "ridge",
  "metrics": {
    "baseline": {
      "mae": 4.201219137742856,
      "rmse": 5.336444111533824
    },
    "ridge": {
      "mae": 3.870816325802177,
      "rmse": 4.980037134376876
    },
    "hgb": {
      "mae": 3.8711316388553003,
      "rmse": 4.976283732507417
    }
  }
}