{
  "version": "afl-disp-20260523-115854",
  "createdAt": "2026-05-23T11:58:55Z",
  "modelType": "hgb",
  "metrics": {
    "baseline": {
      "mae": 4.198941991506872,
      "rmse": 5.331236452558489
    },
    "ridge": {
      "mae": 3.8461638659651096,
      "rmse": 4.932537681910446,
      "cv_mae": 3.9296106834569087,
      "cv_rmse": 5.026631509060424,
      "bestParams": {
        "alpha": 4.0
      }
    },
    "hgb": {
      "mae": 3.831894593725034,
      "rmse": 4.920332552540454,
      "cv_mae": 3.9516562046196806,
      "cv_rmse": 5.037926751823104,
      "bestParams": {
        "max_depth": 4,
        "learning_rate": 0.05,
        "max_iter": 220,
        "min_samples_leaf": 20
      }
    }
  }
}