{
  "createdAt": "2026-05-09T11:48:51Z",
  "modelVersion": "afl-disp-20260509-114850",
  "method": "isotonic",
  "sampleCount": 795,
  "xThresholds": [
    0.00010206833059545062,
    0.0450134690913675,
    0.07279052752249726,
    0.161738353040355,
    0.16314527278289614,
    0.22958853622887365,
    0.22963425756665845,
    0.3034080524622532,
    0.30353795808883954,
    0.39170750964373346,
    0.3920896033620891,
    0.42879707646340637,
    0.428915968725481,
    0.5024606456728465,
    0.5041780714678943,
    0.5061515262133814,
    0.507412284115413,
    0.5232284688985385,
    0.5264575971567944,
    0.7321723659429744,
    0.7422524975673861,
    0.8605949407173441,
    0.8631146756971204
  ],
  "yThresholds": [
    0.2,
    0.2,
    0.2647058823529412,
    0.2647058823529412,
    0.2786885245901639,
    0.2786885245901639,
    0.3333333333333333,
    0.3333333333333333,
    0.4421052631578947,
    0.4421052631578947,
    0.453125,
    0.453125,
    0.47794117647058826,
    0.47794117647058826,
    0.5,
    0.5,
    0.5185185185185185,
    0.5185185185185185,
    0.5230769230769231,
    0.5230769230769231,
    0.5454545454545454,
    0.5454545454545454,
    1.0
  ],
  "metricsBefore": {
    "brier": 0.248479,
    "logLoss": 0.703239
  },
  "metricsAfter": {
    "brier": 0.237193,
    "logLoss": 0.666567
  }
}