{
  "version": "afl-disp-20260510-114902",
  "createdAt": "2026-05-10T11:49:04Z",
  "modelType": "hgb",
  "metrics": {
    "baseline": {
      "mae": 4.193361826389911,
      "rmse": 5.329656277383942
    },
    "ridge": {
      "mae": 3.844654449256576,
      "rmse": 4.936727226510629,
      "cv_mae": 3.9336077247026124,
      "cv_rmse": 5.028734130926449,
      "bestParams": {
        "alpha": 4.0
      }
    },
    "hgb": {
      "mae": 3.839136608355458,
      "rmse": 4.932280752002376,
      "cv_mae": 3.9537417197764615,
      "cv_rmse": 5.039056856885675,
      "bestParams": {
        "max_depth": 4,
        "learning_rate": 0.05,
        "max_iter": 220,
        "min_samples_leaf": 20
      }
    }
  }
}