{
  "version": "afl-disp-20260517-174830",
  "createdAt": "2026-05-17T17:49:39Z",
  "modelType": "rf",
  "metrics": {
    "baseline": {
      "mae": 4.197878875571732,
      "rmse": 5.331825390800351
    },
    "ridge": {
      "mae": 3.844686927993067,
      "rmse": 4.933486224291622,
      "cv_mae": 3.9154801868095985,
      "cv_rmse": 5.023153426765204,
      "bestParams": {
        "alpha": 16.0
      }
    },
    "hgb": {
      "mae": 3.8568463195478024,
      "rmse": 4.94915365222844,
      "cv_mae": 3.9357144306787895,
      "cv_rmse": 5.031629131505851,
      "bestParams": {
        "max_depth": 4,
        "learning_rate": 0.03,
        "max_iter": 320,
        "min_samples_leaf": 30
      }
    },
    "rf": {
      "mae": 3.8285445693179967,
      "rmse": 4.909941335714955,
      "cv_mae": 3.9448765092994087,
      "cv_rmse": 5.0558728978093725,
      "bestParams": {
        "n_estimators": 500,
        "max_depth": 8,
        "min_samples_leaf": 1
      }
    }
  }
}