{
  "version": "afl-disp-20260404-112652",
  "createdAt": "2026-04-04T11:26:52Z",
  "modelType": "hgb",
  "metrics": {
    "baseline": {
      "mae": 4.187537527117156,
      "rmse": 5.325175677624704
    },
    "ridge": {
      "mae": 3.8627060442928434,
      "rmse": 4.96418148545267
    },
    "hgb": {
      "mae": 3.7855862921923507,
      "rmse": 4.891470836276175
    }
  }
}