{
  "version": "afl-disp-20260403-141007",
  "createdAt": "2026-04-03T14:10:07Z",
  "modelType": "hgb",
  "metrics": {
    "baseline": {
      "mae": 4.2005416642451765,
      "rmse": 5.336854279022206
    },
    "ridge": {
      "mae": 3.8760742772169983,
      "rmse": 4.983464710149447
    },
    "hgb": {
      "mae": 3.87498276660634,
      "rmse": 4.987408602843635
    }
  }
}