{
  "createdAt": "2026-05-23T17:51:40Z",
  "modelVersion": "afl-disp-20260523-175011",
  "method": "isotonic",
  "sampleCount": 1097,
  "xThresholds": [
    0.00015115778466356922,
    0.05005874800340249,
    0.05074337961108921,
    0.16255970750102022,
    0.16460758852887136,
    0.19579862114943514,
    0.19612898783983113,
    0.2737844339550036,
    0.2738293224685957,
    0.2822381827442799,
    0.2831970540162755,
    0.28453600768452136,
    0.28478665717741214,
    0.3129998296315467,
    0.3134016617584715,
    0.3172603661458886,
    0.31735294236397094,
    0.5451235227947936,
    0.5454284290293551,
    0.6270767191742617,
    0.6276510186890248,
    0.7169460065249516,
    0.7199485406637017,
    0.8009092221390746,
    0.8186494018650055,
    0.8256151677198749
  ],
  "yThresholds": [
    0.16666666666666666,
    0.16666666666666666,
    0.2702702702702703,
    0.2702702702702703,
    0.32142857142857145,
    0.32142857142857145,
    0.35294117647058826,
    0.35294117647058826,
    0.375,
    0.375,
    0.4,
    0.4,
    0.44,
    0.44,
    0.4444444444444444,
    0.4444444444444444,
    0.46529968454258674,
    0.46529968454258674,
    0.47572815533980584,
    0.47572815533980584,
    0.5000000000000001,
    0.5000000000000001,
    0.6,
    0.6,
    0.6666666666666666,
    0.6666666666666666
  ],
  "metricsBefore": {
    "brier": 0.258712,
    "logLoss": 0.720863
  },
  "metricsAfter": {
    "brier": 0.243279,
    "logLoss": 0.679347
  }
}