{
  "version": "afl-disp-20260615-201719",
  "createdAt": "2026-06-15T20:18:18Z",
  "modelType": "rf",
  "metrics": {
    "baseline": {
      "mae": 4.201750502292915,
      "rmse": 5.336897246741264
    },
    "ridge": {
      "mae": 3.8485624645244587,
      "rmse": 4.931995296815211,
      "cv_mae": 3.921314398095918,
      "cv_rmse": 5.027600240161837,
      "bestParams": {
        "alpha": 16.0
      }
    },
    "hgb": {
      "mae": 3.850125054789398,
      "rmse": 4.943694197785618,
      "cv_mae": 3.9373634941876103,
      "cv_rmse": 5.035244617574565,
      "bestParams": {
        "max_depth": 4,
        "learning_rate": 0.03,
        "max_iter": 220,
        "min_samples_leaf": 30
      }
    },
    "rf": {
      "mae": 3.829379675128783,
      "rmse": 4.9058559806327455,
      "cv_mae": 3.9479069872218604,
      "cv_rmse": 5.05892904371167,
      "bestParams": {
        "n_estimators": 300,
        "max_depth": 8,
        "min_samples_leaf": 1
      }
    }
  }
}