{
  "version": "afl-disp-20260702-125821",
  "createdAt": "2026-07-02T12:58:22Z",
  "modelType": "hgb",
  "metrics": {
    "baseline": {
      "mae": 4.2102717434637285,
      "rmse": 5.345586844940806
    },
    "ridge": {
      "mae": 3.8592375521929663,
      "rmse": 4.943860071338837,
      "cv_mae": 3.9289583953485665,
      "cv_rmse": 5.023525623409072,
      "bestParams": {
        "alpha": 4.0
      }
    },
    "hgb": {
      "mae": 3.851777392023935,
      "rmse": 4.943150259799737,
      "cv_mae": 3.9433958663057798,
      "cv_rmse": 5.024224350454872,
      "bestParams": {
        "max_depth": 4,
        "learning_rate": 0.05,
        "max_iter": 220,
        "min_samples_leaf": 20
      }
    }
  }
}