{
  "version": "afl-disp-20260620-180917",
  "createdAt": "2026-06-20T18:10:15Z",
  "modelType": "rf",
  "metrics": {
    "baseline": {
      "mae": 4.20345844674364,
      "rmse": 5.337498398366578
    },
    "ridge": {
      "mae": 3.8498305996686595,
      "rmse": 4.932254852237873,
      "cv_mae": 3.9208915204700623,
      "cv_rmse": 5.027769837634934,
      "bestParams": {
        "alpha": 16.0
      }
    },
    "hgb": {
      "mae": 3.8365214547588162,
      "rmse": 4.931618313839541,
      "cv_mae": 3.9304497468203095,
      "cv_rmse": 5.031949713982944,
      "bestParams": {
        "max_depth": 4,
        "learning_rate": 0.03,
        "max_iter": 220,
        "min_samples_leaf": 30
      }
    },
    "rf": {
      "mae": 3.831618514943416,
      "rmse": 4.9107515538789315,
      "cv_mae": 3.94827706654509,
      "cv_rmse": 5.0575610563604165,
      "bestParams": {
        "n_estimators": 300,
        "max_depth": 8,
        "min_samples_leaf": 3
      }
    }
  }
}