{
  "version": "afl-disp-20260416-180559",
  "createdAt": "2026-04-16T18:06:09Z",
  "modelType": "rf",
  "metrics": {
    "baseline": {
      "mae": 4.189065312157553,
      "rmse": 5.326470255212032
    },
    "ridge": {
      "mae": 3.843319118503595,
      "rmse": 4.940154158542529,
      "cv_mae": 3.915870592063687,
      "cv_rmse": 5.021956208608003,
      "bestParams": {
        "alpha": 16.0
      }
    },
    "hgb": {
      "mae": 3.8283827443603995,
      "rmse": 4.927166054288039,
      "cv_mae": 3.940085301955815,
      "cv_rmse": 5.039506787156401,
      "bestParams": {
        "max_depth": 4,
        "learning_rate": 0.03,
        "max_iter": 220,
        "min_samples_leaf": 20
      }
    },
    "rf": {
      "mae": 3.8152604352100314,
      "rmse": 4.895021920760851,
      "cv_mae": 3.950400291497105,
      "cv_rmse": 5.065417641457908,
      "bestParams": {
        "n_estimators": 300,
        "max_depth": 8,
        "min_samples_leaf": 1
      }
    }
  }
}