{
  "createdAt": "2026-06-03T15:27:25Z",
  "modelVersion": "afl-disp-20260603-152724",
  "method": "isotonic",
  "sampleCount": 1178,
  "xThresholds": [
    9.634219790477516e-05,
    0.025968702133764676,
    0.05127481651652799,
    0.14849029989616824,
    0.14988118578603293,
    0.15184007752409912,
    0.15327784510454856,
    0.1644025307169097,
    0.1656405347528267,
    0.1693393317997205,
    0.17076679018771246,
    0.21055856815713803,
    0.2113378579115739,
    0.28915590571173566,
    0.28927205044119497,
    0.3231558614948029,
    0.3234010385502982,
    0.5300434085404986,
    0.5301057186784097,
    0.5535512463039931,
    0.5542023195272447,
    0.671511945428583,
    0.6716953662147909,
    0.7748783009880421,
    0.7972360822314031
  ],
  "yThresholds": [
    0.16666666666666666,
    0.16666666666666666,
    0.3076923076923077,
    0.3076923076923077,
    0.3333333333333333,
    0.3333333333333333,
    0.38461538461538464,
    0.38461538461538464,
    0.4,
    0.4,
    0.42105263157894735,
    0.42105263157894735,
    0.43478260869565216,
    0.43478260869565216,
    0.4470588235294118,
    0.4470588235294118,
    0.45819935691318325,
    0.45819935691318325,
    0.4878048780487805,
    0.4878048780487805,
    0.5042735042735043,
    0.5042735042735043,
    0.6428571428571429,
    0.6428571428571429,
    1.0
  ],
  "metricsBefore": {
    "brier": 0.263471,
    "logLoss": 0.73385
  },
  "metricsAfter": {
    "brier": 0.245238,
    "logLoss": 0.683262
  }
}