{
  "version": "afl-disp-20260406-133618",
  "createdAt": "2026-04-06T13:36:18Z",
  "modelType": "rf",
  "metrics": {
    "baseline": {
      "mae": 4.187150834593719,
      "rmse": 5.325261398367161
    },
    "ridge": {
      "mae": 3.86114158114564,
      "rmse": 4.960573145700997,
      "cv_mae": 3.9180561276849497,
      "cv_rmse": 5.025749109213021,
      "bestParams": {
        "alpha": 16.0
      }
    },
    "hgb": {
      "mae": 3.8140692939352987,
      "rmse": 4.922580094660114,
      "cv_mae": 3.9332962758112844,
      "cv_rmse": 5.032702666038774,
      "bestParams": {
        "max_depth": 4,
        "learning_rate": 0.03,
        "max_iter": 220,
        "min_samples_leaf": 30
      }
    },
    "rf": {
      "mae": 3.8114341360273096,
      "rmse": 4.899474172549386,
      "cv_mae": 3.94786040441648,
      "cv_rmse": 5.059473883955581,
      "bestParams": {
        "n_estimators": 300,
        "max_depth": 8,
        "min_samples_leaf": 6
      }
    }
  }
}