{
  "version": "afl-disp-20260621-181653",
  "createdAt": "2026-06-21T18:17:49Z",
  "modelType": "rf",
  "metrics": {
    "baseline": {
      "mae": 4.2030166831910725,
      "rmse": 5.3369672979172105
    },
    "ridge": {
      "mae": 3.8738570490235773,
      "rmse": 4.966606768536811,
      "cv_mae": 3.9334141139338166,
      "cv_rmse": 5.045099613381519,
      "bestParams": {
        "alpha": 16.0
      }
    },
    "hgb": {
      "mae": 3.861706798230596,
      "rmse": 4.961274952049135,
      "cv_mae": 3.9561986873127473,
      "cv_rmse": 5.0677024371905,
      "bestParams": {
        "max_depth": 4,
        "learning_rate": 0.03,
        "max_iter": 220,
        "min_samples_leaf": 30
      }
    },
    "rf": {
      "mae": 3.7593217407862407,
      "rmse": 4.8442077236697,
      "cv_mae": 3.963721816849148,
      "cv_rmse": 5.07829212364531,
      "bestParams": {
        "n_estimators": 300,
        "max_depth": 12,
        "min_samples_leaf": 3
      }
    }
  }
}