{
  "version": "afl-disp-20260528-190521",
  "createdAt": "2026-05-28T19:06:54Z",
  "modelType": "rf",
  "metrics": {
    "baseline": {
      "mae": 4.198941991506872,
      "rmse": 5.331236452558489
    },
    "ridge": {
      "mae": 3.8477723582265573,
      "rmse": 4.932174723676426,
      "cv_mae": 3.918938317769944,
      "cv_rmse": 5.0274671666175506,
      "bestParams": {
        "alpha": 16.0
      }
    },
    "hgb": {
      "mae": 3.836626122586261,
      "rmse": 4.920752319360008,
      "cv_mae": 3.938864673495199,
      "cv_rmse": 5.037758218349742,
      "bestParams": {
        "max_depth": 4,
        "learning_rate": 0.03,
        "max_iter": 220,
        "min_samples_leaf": 30
      }
    },
    "rf": {
      "mae": 3.8262819773831445,
      "rmse": 4.905636513920829,
      "cv_mae": 3.9523851988975784,
      "cv_rmse": 5.063452157140885,
      "bestParams": {
        "n_estimators": 500,
        "max_depth": 8,
        "min_samples_leaf": 1
      }
    }
  }
}