{
  "createdAt": "2026-04-19T11:33:57Z",
  "modelVersion": "afl-disp-20260419-113356",
  "method": "isotonic",
  "sampleCount": 326,
  "xThresholds": [
    0.019174648353611823,
    0.08634130655005223,
    0.08849334573186574,
    0.30485279348350114,
    0.3051207136132841,
    0.31644294288749,
    0.31652414070255286,
    0.3903160340338463,
    0.3923429188327868,
    0.3992533372196204,
    0.40463848417499804,
    0.5094647699670436,
    0.5107124240395859,
    0.6732065159995902,
    0.6744839404082348,
    0.76113729583076,
    0.7639010363780163,
    0.873468784899018
  ],
  "yThresholds": [
    0.0,
    0.0,
    0.24999999999999997,
    0.24999999999999997,
    0.375,
    0.375,
    0.4126984126984127,
    0.4126984126984127,
    0.42857142857142855,
    0.42857142857142855,
    0.45652173913043476,
    0.45652173913043476,
    0.49333333333333335,
    0.49333333333333335,
    0.5,
    0.5,
    1.0,
    1.0
  ],
  "metricsBefore": {
    "brier": 0.244541,
    "logLoss": 0.682972
  },
  "metricsAfter": {
    "brier": 0.231386,
    "logLoss": 0.651791
  }
}