{
  "version": "afl-disp-20260616-155151",
  "createdAt": "2026-06-16T15:51:52Z",
  "modelType": "ridge",
  "metrics": {
    "baseline": {
      "mae": 4.201750502292915,
      "rmse": 5.336897246741264
    },
    "ridge": {
      "mae": 3.8503957256508956,
      "rmse": 4.934909866985044,
      "cv_mae": 3.9292363472136222,
      "cv_rmse": 5.023791115088704,
      "bestParams": {
        "alpha": 4.0
      }
    },
    "hgb": {
      "mae": 3.851961406668875,
      "rmse": 4.941704479982037,
      "cv_mae": 3.95869627249716,
      "cv_rmse": 5.041016839637903,
      "bestParams": {
        "max_depth": 4,
        "learning_rate": 0.05,
        "max_iter": 220,
        "min_samples_leaf": 20
      }
    }
  }
}