{
  "createdAt": "2026-05-28T14:36:05Z",
  "modelVersion": "afl-disp-20260528-143603",
  "method": "isotonic",
  "sampleCount": 1159,
  "xThresholds": [
    8.806157668272974e-05,
    0.02151777277982103,
    0.05229037423663785,
    0.18947522360716518,
    0.18988548161869467,
    0.23178426129384055,
    0.23181915468455627,
    0.24305950337350035,
    0.24470531216684188,
    0.3382097019460828,
    0.3384332685535365,
    0.5180423200880693,
    0.5183038785343324,
    0.5983545319321115,
    0.5984787407888819,
    0.8584643933786412,
    0.8760598100947923,
    0.889503948297969
  ],
  "yThresholds": [
    0.2,
    0.2,
    0.25,
    0.25,
    0.3090909090909091,
    0.3090909090909091,
    0.3333333333333333,
    0.3333333333333333,
    0.44041450777202074,
    0.44041450777202074,
    0.45161290322580644,
    0.45161290322580644,
    0.5228758169934642,
    0.5228758169934642,
    0.5254237288135594,
    0.5254237288135594,
    1.0,
    1.0
  ],
  "metricsBefore": {
    "brier": 0.257118,
    "logLoss": 0.718394
  },
  "metricsAfter": {
    "brier": 0.242002,
    "logLoss": 0.676353
  }
}