{
  "createdAt": "2026-05-22T13:30:12Z",
  "modelVersion": "afl-disp-20260522-133010",
  "method": "isotonic",
  "sampleCount": 1072,
  "xThresholds": [
    7.795637872543004e-05,
    0.1709844204398563,
    0.1712179329914828,
    0.22200553213268126,
    0.22269545623621678,
    0.29400429465021305,
    0.2941112725938898,
    0.32380127630542166,
    0.32478012655672894,
    0.33252015656308564,
    0.3325522439670152,
    0.4745812615473646,
    0.4747783160323803,
    0.5568214798480674,
    0.557007508707613,
    0.7682472521663286,
    0.8206142277727215,
    0.8279719374772483
  ],
  "yThresholds": [
    0.2830188679245283,
    0.2830188679245283,
    0.36363636363636365,
    0.36363636363636365,
    0.40875912408759124,
    0.40875912408759124,
    0.43103448275862066,
    0.43103448275862066,
    0.44,
    0.44,
    0.44835680751173707,
    0.44835680751173707,
    0.4823529411764706,
    0.4823529411764706,
    0.5,
    0.5,
    1.0,
    1.0
  ],
  "metricsBefore": {
    "brier": 0.258825,
    "logLoss": 0.723328
  },
  "metricsAfter": {
    "brier": 0.243737,
    "logLoss": 0.680061
  }
}