{
  "version": "afl-disp-20260403-141319",
  "createdAt": "2026-04-03T14:13:19Z",
  "modelType": "hgb",
  "metrics": {
    "baseline": {
      "mae": 4.187537527117164,
      "rmse": 5.325175677624706
    },
    "ridge": {
      "mae": 3.8625828579091537,
      "rmse": 4.961862060808378
    },
    "hgb": {
      "mae": 3.839839063173967,
      "rmse": 4.931639153737691
    }
  }
}