{
  "createdAt": "2026-05-04T12:21:45Z",
  "modelVersion": "afl-disp-20260504-122144",
  "method": "isotonic",
  "sampleCount": 750,
  "xThresholds": [
    0.00024898708490650456,
    0.1958976277257145,
    0.19601031269693492,
    0.20794149028769493,
    0.20836600139229144,
    0.24136056197984146,
    0.24203586405433275,
    0.27690420905512525,
    0.277778376876768,
    0.3830487639874395,
    0.3831614135081598,
    0.39084779296998606,
    0.39132760322997806,
    0.4701392351474909,
    0.4708763751085694,
    0.5414305129173184,
    0.5423247675101058,
    0.5519942164110936,
    0.5520899266864081,
    0.8040828809363184,
    0.8221849052517929
  ],
  "yThresholds": [
    0.24489795918367346,
    0.24489795918367346,
    0.25,
    0.25,
    0.3076923076923077,
    0.3076923076923077,
    0.32,
    0.32,
    0.39896373056994816,
    0.39896373056994816,
    0.45,
    0.45,
    0.48235294117647065,
    0.48235294117647065,
    0.49999999999999994,
    0.49999999999999994,
    0.5,
    0.5,
    0.5208333333333334,
    0.5208333333333334,
    1.0
  ],
  "metricsBefore": {
    "brier": 0.249002,
    "logLoss": 0.70225
  },
  "metricsAfter": {
    "brier": 0.237845,
    "logLoss": 0.667869
  }
}