{
  "createdAt": "2026-05-22T18:32:04Z",
  "modelVersion": "afl-disp-20260522-183037",
  "method": "isotonic",
  "sampleCount": 1076,
  "xThresholds": [
    0.00018074698384440424,
    0.04365977871792692,
    0.044203729743454545,
    0.1444590667552803,
    0.14482815967553253,
    0.1610768994802555,
    0.1614596019164034,
    0.19588154344361208,
    0.1967391152745641,
    0.19704481651152395,
    0.19726244229297496,
    0.2224708986018733,
    0.2258734094351469,
    0.2768686597038559,
    0.2784410971357649,
    0.296390373525502,
    0.2969976698749721,
    0.30025882158586437,
    0.30030642121662265,
    0.5095212014036281,
    0.5098793091208491,
    0.6754111148793401,
    0.6802776752958353,
    0.7442406384567352,
    0.7447433474765206,
    0.8256492743690953,
    0.8314742445414749
  ],
  "yThresholds": [
    0.16666666666666666,
    0.16666666666666666,
    0.2692307692307692,
    0.2692307692307692,
    0.3076923076923077,
    0.3076923076923077,
    0.32142857142857145,
    0.32142857142857145,
    0.3333333333333333,
    0.3333333333333333,
    0.3548387096774194,
    0.3548387096774194,
    0.35714285714285715,
    0.35714285714285715,
    0.40816326530612246,
    0.40816326530612246,
    0.42857142857142855,
    0.42857142857142855,
    0.46551724137931033,
    0.46551724137931033,
    0.4999999999999998,
    0.4999999999999998,
    0.5,
    0.5,
    0.6666666666666666,
    0.6666666666666666,
    1.0
  ],
  "metricsBefore": {
    "brier": 0.259532,
    "logLoss": 0.723666
  },
  "metricsAfter": {
    "brier": 0.243094,
    "logLoss": 0.678804
  }
}