{
  "createdAt": "2026-06-14T18:14:25Z",
  "modelVersion": "afl-disp-20260614-181313",
  "method": "isotonic",
  "sampleCount": 1162,
  "xThresholds": [
    0.0002355305314483136,
    0.03916738132037256,
    0.042040532445546175,
    0.1735624895643466,
    0.17676650286987028,
    0.19513197025004192,
    0.19560896785636972,
    0.21128613567701549,
    0.21141057260188711,
    0.3999821161463456,
    0.4003225162264359,
    0.4977431634792743,
    0.49801107365916597,
    0.5521003682534984,
    0.5528138833310696,
    0.7387413769913586,
    0.7403914437529578,
    0.7955331719928108,
    0.7965800813345296,
    0.8542811711056699,
    0.9074342796048335
  ],
  "yThresholds": [
    0.18181818181818182,
    0.18181818181818182,
    0.36585365853658536,
    0.36585365853658536,
    0.4117647058823529,
    0.4117647058823529,
    0.42105263157894735,
    0.42105263157894735,
    0.4362244897959184,
    0.4362244897959184,
    0.44299674267100975,
    0.44299674267100975,
    0.45985401459854014,
    0.45985401459854014,
    0.5253456221198156,
    0.5253456221198156,
    0.5384615384615384,
    0.5384615384615384,
    0.7142857142857143,
    0.7142857142857143,
    1.0
  ],
  "metricsBefore": {
    "brier": 0.261877,
    "logLoss": 0.734167
  },
  "metricsAfter": {
    "brier": 0.245142,
    "logLoss": 0.683061
  }
}