{
  "createdAt": "2026-04-12T17:20:46Z",
  "modelVersion": "afl-disp-20260412-172029",
  "method": "isotonic",
  "sampleCount": 214,
  "xThresholds": [
    0.02816191807936219,
    0.14113612679401832,
    0.23586192941046913,
    0.24086255598182016,
    0.2832361565841375,
    0.2838373018218475,
    0.48691570467321754,
    0.4876037017293786,
    0.6799487093960982,
    0.6918612261076411,
    0.7383351959210781,
    0.7993019445575733
  ],
  "yThresholds": [
    0.0,
    0.14285714285714285,
    0.14285714285714285,
    0.3333333333333333,
    0.3333333333333333,
    0.3813559322033898,
    0.3813559322033898,
    0.4411764705882353,
    0.4411764705882353,
    0.6666666666666666,
    0.6666666666666666,
    1.0
  ],
  "metricsBefore": {
    "brier": 0.2465,
    "logLoss": 0.685879
  },
  "metricsAfter": {
    "brier": 0.2289,
    "logLoss": 0.647101
  }
}