{
  "createdAt": "2026-04-23T18:11:28Z",
  "modelVersion": "afl-disp-20260423-181104",
  "method": "isotonic",
  "sampleCount": 396,
  "xThresholds": [
    0.04135524296472426,
    0.05535490420072409,
    0.2425159936361443,
    0.24408487958866754,
    0.2659036111225547,
    0.26677627873591714,
    0.4448123670070486,
    0.44607878473349627,
    0.7228517725325114,
    0.7284759225266972,
    0.7751484567849551
  ],
  "yThresholds": [
    0.0,
    0.2727272727272727,
    0.2727272727272727,
    0.3,
    0.3,
    0.43315508021390375,
    0.43315508021390375,
    0.49079754601226994,
    0.49079754601226994,
    1.0,
    1.0
  ],
  "metricsBefore": {
    "brier": 0.25419,
    "logLoss": 0.706469
  },
  "metricsAfter": {
    "brier": 0.240647,
    "logLoss": 0.672583
  }
}