{
  "createdAt": "2026-05-21T14:14:08Z",
  "modelVersion": "afl-disp-20260521-141406",
  "method": "isotonic",
  "sampleCount": 1049,
  "xThresholds": [
    0.00013038386861863316,
    0.11198128594247536,
    0.11265137759923505,
    0.2728485573302657,
    0.27308448951027875,
    0.3553367821443846,
    0.3554497405176331,
    0.368074075735205,
    0.36840446196576904,
    0.5300044226059144,
    0.5305136061897554,
    0.82999959857574,
    0.875403448150886,
    0.8757410514177424
  ],
  "yThresholds": [
    0.21428571428571427,
    0.21428571428571427,
    0.2914285714285714,
    0.2914285714285714,
    0.43939393939393945,
    0.43939393939393945,
    0.4782608695652174,
    0.4782608695652174,
    0.4882075471698113,
    0.4882075471698113,
    0.49473684210526314,
    0.49473684210526314,
    1.0,
    1.0
  ],
  "metricsBefore": {
    "brier": 0.255224,
    "logLoss": 0.714092
  },
  "metricsAfter": {
    "brier": 0.240401,
    "logLoss": 0.672987
  }
}