{
  "version": "afl-disp-20260623-134355",
  "createdAt": "2026-06-23T13:43:57Z",
  "modelType": "hgb",
  "metrics": {
    "baseline": {
      "mae": 4.2030166831910725,
      "rmse": 5.3369672979172105
    },
    "ridge": {
      "mae": 3.8528673836571827,
      "rmse": 4.936602438465331,
      "cv_mae": 3.929762967472341,
      "cv_rmse": 5.023311507108252,
      "bestParams": {
        "alpha": 4.0
      }
    },
    "hgb": {
      "mae": 3.8431099509071487,
      "rmse": 4.930467082580803,
      "cv_mae": 3.9490192610295964,
      "cv_rmse": 5.02668951155191,
      "bestParams": {
        "max_depth": 4,
        "learning_rate": 0.05,
        "max_iter": 220,
        "min_samples_leaf": 20
      }
    }
  }
}