{
  "version": "afl-disp-20260706-142605",
  "createdAt": "2026-07-06T14:26:05Z",
  "modelType": "hgb",
  "metrics": {
    "baseline": {
      "mae": 4.2102717434637285,
      "rmse": 5.345586844940806
    },
    "ridge": {
      "mae": 3.859968962322126,
      "rmse": 4.94387577222258,
      "cv_mae": 3.927955693744034,
      "cv_rmse": 5.022885256944561,
      "bestParams": {
        "alpha": 4.0
      }
    },
    "hgb": {
      "mae": 3.847273989693297,
      "rmse": 4.936036012431795,
      "cv_mae": 3.950372181305395,
      "cv_rmse": 5.032050020614928,
      "bestParams": {
        "max_depth": 4,
        "learning_rate": 0.05,
        "max_iter": 220,
        "min_samples_leaf": 20
      }
    }
  }
}