{
  "createdAt": "2026-04-27T18:06:58Z",
  "modelVersion": "afl-disp-20260427-180623",
  "method": "isotonic",
  "sampleCount": 556,
  "xThresholds": [
    0.023559195580566294,
    0.09765503801760156,
    0.09985397819554032,
    0.2129975923438987,
    0.21478969513666146,
    0.2836826358703639,
    0.28371720802932043,
    0.31030076894796155,
    0.3105922544155687,
    0.48876005246553667,
    0.48947415269889594,
    0.5808629246501824,
    0.5817768995913031,
    0.6016144219889845,
    0.6076721785281655,
    0.6927179132135604,
    0.6933418515320495,
    0.760946281748406,
    0.7719739540839614,
    0.8200605889345434
  ],
  "yThresholds": [
    0.0,
    0.0,
    0.2894736842105263,
    0.2894736842105263,
    0.3125,
    0.3125,
    0.4166666666666667,
    0.4166666666666667,
    0.4673913043478261,
    0.4673913043478261,
    0.4943820224719101,
    0.4943820224719101,
    0.5,
    0.5,
    0.5384615384615384,
    0.5384615384615384,
    0.5454545454545454,
    0.5454545454545454,
    1.0,
    1.0
  ],
  "metricsBefore": {
    "brier": 0.253321,
    "logLoss": 0.703261
  },
  "metricsAfter": {
    "brier": 0.239661,
    "logLoss": 0.669688
  }
}