{
  "createdAt": "2026-05-18T14:30:05Z",
  "modelVersion": "afl-disp-20260518-143004",
  "method": "isotonic",
  "sampleCount": 1049,
  "xThresholds": [
    1.839247634261021e-05,
    0.09373053411730159,
    0.09461401263088942,
    0.22683278312993804,
    0.22711659398270823,
    0.2372477454246068,
    0.23735932143209104,
    0.3432712354712928,
    0.3443542356145759,
    0.3616540401345816,
    0.3619495037337829,
    0.3805730428801205,
    0.38123266524523314,
    0.6716491271549739,
    0.6719376886619037,
    0.7347215249457603,
    0.7365654195079874,
    0.8249515675626125,
    0.8564223410121922,
    0.8920704098517578
  ],
  "yThresholds": [
    0.3333333333333333,
    0.3333333333333333,
    0.34710743801652894,
    0.34710743801652894,
    0.35714285714285715,
    0.35714285714285715,
    0.39823008849557523,
    0.39823008849557523,
    0.4074074074074074,
    0.4074074074074074,
    0.43137254901960786,
    0.43137254901960786,
    0.487279843444227,
    0.487279843444227,
    0.53125,
    0.53125,
    0.55,
    0.55,
    1.0,
    1.0
  ],
  "metricsBefore": {
    "brier": 0.260717,
    "logLoss": 0.735149
  },
  "metricsAfter": {
    "brier": 0.24302,
    "logLoss": 0.678667
  }
}