{
  "createdAt": "2026-06-16T15:51:52Z",
  "modelVersion": "afl-disp-20260616-155151",
  "method": "isotonic",
  "sampleCount": 1158,
  "xThresholds": [
    1.716672861218349e-05,
    0.007588696842168785,
    0.02100126191600593,
    0.08225745444543664,
    0.08527950514969995,
    0.2342292066482925,
    0.23425848636856528,
    0.24010240053304965,
    0.24122759125493065,
    0.5516591804684778,
    0.5518743786391347,
    0.5797256432654642,
    0.5811087832705721,
    0.6395118847401984,
    0.6406315165957844,
    0.7741920342518218,
    0.7793387651404475,
    0.8244752248268348
  ],
  "yThresholds": [
    0.2857142857142857,
    0.2857142857142857,
    0.3333333333333333,
    0.3333333333333333,
    0.38596491228070173,
    0.38596491228070173,
    0.4166666666666667,
    0.4166666666666667,
    0.45663265306122447,
    0.45663265306122447,
    0.4642857142857143,
    0.4642857142857143,
    0.5058823529411764,
    0.5058823529411764,
    0.5324675324675324,
    0.5324675324675324,
    1.0,
    1.0
  ],
  "metricsBefore": {
    "brier": 0.26818,
    "logLoss": 0.755771
  },
  "metricsAfter": {
    "brier": 0.246027,
    "logLoss": 0.684803
  }
}