{
  "version": "afl-disp-20260518-143004",
  "createdAt": "2026-05-18T14:30:05Z",
  "modelType": "ridge",
  "metrics": {
    "baseline": {
      "mae": 4.1990801551393675,
      "rmse": 5.332600552245142
    },
    "ridge": {
      "mae": 3.8465205535249223,
      "rmse": 4.936574568984962,
      "cv_mae": 3.9295147214459285,
      "cv_rmse": 5.026652254598506,
      "bestParams": {
        "alpha": 4.0
      }
    },
    "hgb": {
      "mae": 3.8479539077497096,
      "rmse": 4.947371427409373,
      "cv_mae": 3.9416013732721233,
      "cv_rmse": 5.030588370086083,
      "bestParams": {
        "max_depth": 4,
        "learning_rate": 0.05,
        "max_iter": 220,
        "min_samples_leaf": 20
      }
    }
  }
}