{
  "version": "afl-disp-20260504-122144",
  "createdAt": "2026-05-04T12:21:45Z",
  "modelType": "hgb",
  "metrics": {
    "baseline": {
      "mae": 4.193519424999734,
      "rmse": 5.329920475396536
    },
    "ridge": {
      "mae": 3.843611831610727,
      "rmse": 4.937120049051738,
      "cv_mae": 3.934454914296778,
      "cv_rmse": 5.028780572788704,
      "bestParams": {
        "alpha": 4.0
      }
    },
    "hgb": {
      "mae": 3.8390417230633602,
      "rmse": 4.938298662136407,
      "cv_mae": 3.959395092973233,
      "cv_rmse": 5.047817614358774,
      "bestParams": {
        "max_depth": 4,
        "learning_rate": 0.05,
        "max_iter": 220,
        "min_samples_leaf": 20
      }
    }
  }
}