{
  "version": "afl-disp-20260602-145043",
  "createdAt": "2026-06-02T14:50:44Z",
  "modelType": "ridge",
  "metrics": {
    "baseline": {
      "mae": 4.196841520738514,
      "rmse": 5.331988175095759
    },
    "ridge": {
      "mae": 3.8470985014127357,
      "rmse": 4.934156596016246,
      "cv_mae": 3.9287119217717055,
      "cv_rmse": 5.025297657236365,
      "bestParams": {
        "alpha": 4.0
      }
    },
    "hgb": {
      "mae": 3.8536545148840937,
      "rmse": 4.941248452565239,
      "cv_mae": 3.956676807800671,
      "cv_rmse": 5.041857997031403,
      "bestParams": {
        "max_depth": 4,
        "learning_rate": 0.05,
        "max_iter": 220,
        "min_samples_leaf": 20
      }
    }
  }
}