{
  "version": "afl-disp-20260403-130649",
  "createdAt": "2026-04-03T13:06:49Z",
  "modelType": "hgb",
  "metrics": {
    "baseline": {
      "mae": 4.201219137742856,
      "rmse": 5.336444111533824
    },
    "ridge": {
      "mae": 3.9146434795192873,
      "rmse": 5.035712542953254
    },
    "hgb": {
      "mae": 3.886091317651852,
      "rmse": 4.997234014389129
    }
  }
}