{
  "version": "afl-disp-20260601-205836",
  "createdAt": "2026-06-01T20:59:53Z",
  "modelType": "rf",
  "metrics": {
    "baseline": {
      "mae": 4.196721921844068,
      "rmse": 5.331880406394344
    },
    "ridge": {
      "mae": 3.8459511132893365,
      "rmse": 4.9313576380449735,
      "cv_mae": 3.9198349358047118,
      "cv_rmse": 5.027922935563423,
      "bestParams": {
        "alpha": 16.0
      }
    },
    "hgb": {
      "mae": 3.8433834480177627,
      "rmse": 4.936048138780085,
      "cv_mae": 3.934605392626375,
      "cv_rmse": 5.034583665628742,
      "bestParams": {
        "max_depth": 4,
        "learning_rate": 0.03,
        "max_iter": 220,
        "min_samples_leaf": 30
      }
    },
    "rf": {
      "mae": 3.8237859857726537,
      "rmse": 4.902825607059881,
      "cv_mae": 3.9497318971175033,
      "cv_rmse": 5.062193573820044,
      "bestParams": {
        "n_estimators": 500,
        "max_depth": 8,
        "min_samples_leaf": 1
      }
    }
  }
}