{
  "createdAt": "2026-05-25T13:59:21Z",
  "modelVersion": "afl-disp-20260525-135919",
  "method": "isotonic",
  "sampleCount": 1159,
  "xThresholds": [
    9.845105724348713e-05,
    0.037369553175953474,
    0.04137466234670106,
    0.11716855796978631,
    0.11789685073566014,
    0.19686208416568984,
    0.1974799844777474,
    0.22349861034618368,
    0.22388990124788555,
    0.2596902201065978,
    0.2598278364106179,
    0.30095871548599895,
    0.3013802033974249,
    0.34028905882810423,
    0.34044174124824544,
    0.4677738872323919,
    0.4678131211954385,
    0.622810718510269,
    0.6238649070081614,
    0.8367361933836683,
    0.8588145224647594,
    0.8710297683882016
  ],
  "yThresholds": [
    0.16666666666666666,
    0.16666666666666666,
    0.18181818181818182,
    0.18181818181818182,
    0.2962962962962963,
    0.2962962962962963,
    0.3333333333333333,
    0.3333333333333333,
    0.40816326530612246,
    0.40816326530612246,
    0.4329896907216495,
    0.4329896907216495,
    0.4361702127659575,
    0.4361702127659575,
    0.4397163120567376,
    0.4397163120567376,
    0.5,
    0.5,
    0.5357142857142857,
    0.5357142857142857,
    1.0,
    1.0
  ],
  "metricsBefore": {
    "brier": 0.25649,
    "logLoss": 0.7169
  },
  "metricsAfter": {
    "brier": 0.242827,
    "logLoss": 0.678045
  }
}