{
  "version": "afl-disp-20260522-183037",
  "createdAt": "2026-05-22T18:32:04Z",
  "modelType": "rf",
  "metrics": {
    "baseline": {
      "mae": 4.197638130160318,
      "rmse": 5.33072225154621
    },
    "ridge": {
      "mae": 3.842867251370137,
      "rmse": 4.929055556954178,
      "cv_mae": 3.919847917714474,
      "cv_rmse": 5.028804703484412,
      "bestParams": {
        "alpha": 16.0
      }
    },
    "hgb": {
      "mae": 3.8729181405563557,
      "rmse": 4.966604183640555,
      "cv_mae": 3.9365579850889403,
      "cv_rmse": 5.03595519335782,
      "bestParams": {
        "max_depth": 4,
        "learning_rate": 0.03,
        "max_iter": 220,
        "min_samples_leaf": 30
      }
    },
    "rf": {
      "mae": 3.736084336144264,
      "rmse": 4.813392109890574,
      "cv_mae": 3.950627550861145,
      "cv_rmse": 5.059065832340136,
      "bestParams": {
        "n_estimators": 500,
        "max_depth": 12,
        "min_samples_leaf": 1
      }
    }
  }
}