{
  "version": "afl-disp-20260618-140918",
  "createdAt": "2026-06-18T14:09:19Z",
  "modelType": "ridge",
  "metrics": {
    "baseline": {
      "mae": 4.2026124101012154,
      "rmse": 5.337288491452581
    },
    "ridge": {
      "mae": 3.8502855715843687,
      "rmse": 4.934833146723566,
      "cv_mae": 3.9292243280964105,
      "cv_rmse": 5.023653691327277,
      "bestParams": {
        "alpha": 4.0
      }
    },
    "hgb": {
      "mae": 3.8511004843050154,
      "rmse": 4.9455494004066525,
      "cv_mae": 3.9582725904343286,
      "cv_rmse": 5.039479974843034,
      "bestParams": {
        "max_depth": 4,
        "learning_rate": 0.05,
        "max_iter": 220,
        "min_samples_leaf": 20
      }
    }
  }
}