{
  "version": "afl-disp-20260521-183602",
  "createdAt": "2026-05-21T18:37:07Z",
  "modelType": "rf",
  "metrics": {
    "baseline": {
      "mae": 4.1990801551393675,
      "rmse": 5.332600552245143
    },
    "ridge": {
      "mae": 3.8439222282343297,
      "rmse": 4.9335506176558495,
      "cv_mae": 3.9155785179278766,
      "cv_rmse": 5.02319422089765,
      "bestParams": {
        "alpha": 16.0
      }
    },
    "hgb": {
      "mae": 3.868365556327995,
      "rmse": 4.960619320060365,
      "cv_mae": 3.934345920233754,
      "cv_rmse": 5.0312219442706,
      "bestParams": {
        "max_depth": 4,
        "learning_rate": 0.03,
        "max_iter": 320,
        "min_samples_leaf": 30
      }
    },
    "rf": {
      "mae": 3.8219771887698726,
      "rmse": 4.905242644079374,
      "cv_mae": 3.9443279964558338,
      "cv_rmse": 5.0576649359765735,
      "bestParams": {
        "n_estimators": 500,
        "max_depth": 8,
        "min_samples_leaf": 1
      }
    }
  }
}