{
  "createdAt": "2026-05-08T12:08:04Z",
  "modelVersion": "afl-disp-20260508-120802",
  "method": "isotonic",
  "sampleCount": 767,
  "xThresholds": [
    9.35289927569416e-05,
    0.11223270637865213,
    0.1168027099379858,
    0.17395629010988123,
    0.1752248919727073,
    0.2776568098065665,
    0.27788337065824353,
    0.38493150091423667,
    0.3855176447233779,
    0.44687936250516747,
    0.44750907019222474,
    0.5514287411838507,
    0.551445841996506,
    0.5601911965677856,
    0.5606419221970911,
    0.8237630095601447,
    0.8501208671231211
  ],
  "yThresholds": [
    0.25,
    0.25,
    0.26666666666666666,
    0.26666666666666666,
    0.30701754385964913,
    0.30701754385964913,
    0.39893617021276595,
    0.39893617021276595,
    0.46621621621621623,
    0.46621621621621623,
    0.4903225806451612,
    0.4903225806451612,
    0.5,
    0.5,
    0.5132743362831859,
    0.5132743362831859,
    1.0
  ],
  "metricsBefore": {
    "brier": 0.250709,
    "logLoss": 0.707751
  },
  "metricsAfter": {
    "brier": 0.238589,
    "logLoss": 0.669514
  }
}