{
  "version": "afl-disp-20260403-152413",
  "createdAt": "2026-04-03T15:24:13Z",
  "modelType": "hgb",
  "metrics": {
    "baseline": {
      "mae": 4.187537527117164,
      "rmse": 5.325175677624706
    },
    "ridge": {
      "mae": 3.862706044292769,
      "rmse": 4.964181485452588
    },
    "hgb": {
      "mae": 3.7996857344594535,
      "rmse": 4.8932982860327705
    }
  }
}