{
  "createdAt": "2026-06-06T12:05:23Z",
  "modelVersion": "afl-disp-20260606-120521",
  "method": "isotonic",
  "sampleCount": 1203,
  "xThresholds": [
    5.96737551509241e-05,
    0.017151680841781425,
    0.038197612531265634,
    0.13870517200459198,
    0.13896485368950062,
    0.2513060127167819,
    0.25202269228006424,
    0.4814197463752993,
    0.48180566436524364,
    0.5319873584082688,
    0.5321375405874977,
    0.6040700038918223,
    0.6067819647619415,
    0.6812251601233861,
    0.6830832080533448,
    0.7928650212431901,
    0.8442837811716988
  ],
  "yThresholds": [
    0.16666666666666666,
    0.16666666666666666,
    0.30612244897959184,
    0.30612244897959184,
    0.4303030303030303,
    0.4303030303030303,
    0.4573529411764706,
    0.4573529411764706,
    0.4642857142857143,
    0.4642857142857143,
    0.4705882352941176,
    0.4705882352941176,
    0.5081967213114754,
    0.5081967213114754,
    0.5555555555555555,
    0.5555555555555555,
    1.0
  ],
  "metricsBefore": {
    "brier": 0.268842,
    "logLoss": 0.747528
  },
  "metricsAfter": {
    "brier": 0.245748,
    "logLoss": 0.684292
  }
}