{
  "version": "afl-disp-20260627-175256",
  "createdAt": "2026-06-27T17:52:57Z",
  "modelType": "rf",
  "metrics": {
    "baseline": {
      "mae": 4.2066151744609845,
      "rmse": 5.342339132392427
    },
    "ridge": {
      "mae": 3.8550322750983033,
      "rmse": 4.9374557761759394,
      "cv_mae": 3.9211226437073754,
      "cv_rmse": 5.027913889093059,
      "bestParams": {
        "alpha": 16.0
      }
    },
    "hgb": {
      "mae": 3.86814690378127,
      "rmse": 4.961358022615056,
      "cv_mae": 3.9290890574672765,
      "cv_rmse": 5.024968286457986,
      "bestParams": {
        "max_depth": 4,
        "learning_rate": 0.03,
        "max_iter": 220,
        "min_samples_leaf": 20
      }
    },
    "rf": {
      "mae": 3.841326343486556,
      "rmse": 4.921670917366551,
      "cv_mae": 3.9472940625052075,
      "cv_rmse": 5.056335684634711,
      "bestParams": {
        "n_estimators": 500,
        "max_depth": 8,
        "min_samples_leaf": 1
      }
    }
  }
}