{
  "version": "afl-disp-20260624-131940",
  "createdAt": "2026-06-24T13:19:41Z",
  "modelType": "hgb",
  "metrics": {
    "baseline": {
      "mae": 4.2030166831910725,
      "rmse": 5.3369672979172105
    },
    "ridge": {
      "mae": 3.875506400311708,
      "rmse": 4.969478131763625,
      "cv_mae": 3.945754087469282,
      "cv_rmse": 5.044430928470088,
      "bestParams": {
        "alpha": 4.0
      }
    },
    "hgb": {
      "mae": 3.850688880469702,
      "rmse": 4.951958843278464,
      "cv_mae": 3.9724034649073316,
      "cv_rmse": 5.066583548275047,
      "bestParams": {
        "max_depth": 4,
        "learning_rate": 0.05,
        "max_iter": 220,
        "min_samples_leaf": 20
      }
    }
  }
}