{
  "version": "afl-disp-20260601-163659",
  "createdAt": "2026-06-01T16:37:00Z",
  "modelType": "hgb",
  "metrics": {
    "baseline": {
      "mae": 4.196841520738514,
      "rmse": 5.331988175095759
    },
    "ridge": {
      "mae": 3.8470989057630067,
      "rmse": 4.934156055753217,
      "cv_mae": 3.928717910721719,
      "cv_rmse": 5.025303805969433,
      "bestParams": {
        "alpha": 4.0
      }
    },
    "hgb": {
      "mae": 3.838412004774978,
      "rmse": 4.9404066829018145,
      "cv_mae": 3.9442768925297718,
      "cv_rmse": 5.031859860914481,
      "bestParams": {
        "max_depth": 4,
        "learning_rate": 0.05,
        "max_iter": 220,
        "min_samples_leaf": 20
      }
    }
  }
}